stt,code,name_vi,name_en,waste_percent,per,source,chunk_file
1,1001,Gạo nếp cái,"Glutinous rice, milled",0.0,100g edible portion,Bảng thành phần thực phẩm Việt Nam 2007,nutrition_chunks_final_v4\001_1001_gao_nep_cai.md
2,1002,Gạo nếp máy(loại thường),"Under milled, home-pounded rice",0.0,100g edible portion,Bảng thành phần thực phẩm Việt Nam 2007,nutrition_chunks_final_v4\002_1002_gao_nep_may_loai_thuong.md
3,1003,Gạo tẻ giã,,0.0,100g edible portion,Bảng thành phần thực phẩm Việt Nam 2007,nutrition_chunks_final_v4\003_1003_gao_te_gia.md
4,1004,Gạo tẻ máy,Ordinary polished rice,0.0,100g edible portion,Bảng thành phần thực phẩm Việt Nam 2007,nutrition_chunks_final_v4\004_1004_gao_te_may.md
5,1005,Gạo lứt,"Rice, brown or hulled",0.0,100g edible portion,Bảng thành phần thực phẩm Việt Nam 2007,nutrition_chunks_final_v4\005_1005_gao_lut.md
6,1006,Kê,Foxtail millet,2.0,100g edible portion,Bảng thành phần thực phẩm Việt Nam 2007,nutrition_chunks_final_v4\006_1006_ke.md
7,1007,Ngô bắp tươi,,45.0,100g edible portion,Bảng thành phần thực phẩm Việt Nam 2007,nutrition_chunks_final_v4\007_1007_ngo_bap_tuoi.md
8,1008,Ngô vàng hạt khô,"Yellow maize, dried seeds",2.0,100g edible portion,Bảng thành phần thực phẩm Việt Nam 2007,nutrition_chunks_final_v4\008_1008_ngo_vang_hat_kho.md
9,1009,Bánh bao,,0.0,100g edible portion,Bảng thành phần thực phẩm Việt Nam 2007,nutrition_chunks_final_v4\009_1009_banh_bao.md
10,1010,Bánh đa nem,,0.0,100g edible portion,Bảng thành phần thực phẩm Việt Nam 2007,nutrition_chunks_final_v4\010_1010_banh_da_nem.md
11,1011,Bánh đúc,,0.0,100g edible portion,Bảng thành phần thực phẩm Việt Nam 2007,nutrition_chunks_final_v4\011_1011_banh_duc.md
12,1012,Bánh mỳ,French bread,0.0,100g edible portion,Bảng thành phần thực phẩm Việt Nam 2007,nutrition_chunks_final_v4\012_1012_banh_my.md
13,1013,Bánh phở,Rice noodles,0.0,100g edible portion,Bảng thành phần thực phẩm Việt Nam 2007,nutrition_chunks_final_v4\013_1013_banh_pho.md
14,1014,Bánh quẩy,Wheat fritters twisted fried,0.0,100g edible portion,Bảng thành phần thực phẩm Việt Nam 2007,nutrition_chunks_final_v4\014_1014_banh_quay.md
15,1015,Bỏng ngô,Bột gạo nếp Glutinous rice flour,0.0,100g edible portion,Bảng thành phần thực phẩm Việt Nam 2007,nutrition_chunks_final_v4\015_1015_bong_ngo.md
16,1016,Bột gạo nếp,,0.0,100g edible portion,Bảng thành phần thực phẩm Việt Nam 2007,nutrition_chunks_final_v4\016_1016_bot_gao_nep.md
17,1017,Bột gạo tẻ,Rice ordinary flour,0.0,100g edible portion,Bảng thành phần thực phẩm Việt Nam 2007,nutrition_chunks_final_v4\017_1017_bot_gao_te.md
18,1018,Bột mì,,0.0,100g edible portion,Bảng thành phần thực phẩm Việt Nam 2007,nutrition_chunks_final_v4\018_1018_bot_mi.md
19,1019,Bột ngô vàng,Yellow maize flour,0.0,100g edible portion,Bảng thành phần thực phẩm Việt Nam 2007,nutrition_chunks_final_v4\019_1019_bot_ngo_vang.md
20,1020,Bón,Rice vermicelli,0.0,100g edible portion,Bảng thành phần thực phẩm Việt Nam 2007,nutrition_chunks_final_v4\020_1020_bon.md
21,1021,Cèm,Mỳ sợi Wheat noodles,0.0,100g edible portion,Bảng thành phần thực phẩm Việt Nam 2007,nutrition_chunks_final_v4\021_1021_cem.md
22,1022,Mỳ sợi,"Glutinous maize, boiled",0.0,100g edible portion,Bảng thành phần thực phẩm Việt Nam 2007,nutrition_chunks_final_v4\022_1022_my_soi.md
23,1023,Ngô nếp luộc,NHểM 2 – KHOAI CỦ VÀ SẢN PHẨM CHẾ BIẾN GROUP 2 - STARCHY ROOT AND PRODUCTS,50.0,100g edible portion,Bảng thành phần thực phẩm Việt Nam 2007,nutrition_chunks_final_v4\023_1023_ngo_nep_luoc.md
24,2001,Củ ấu,Củ cái Yam winged,50.0,100g edible portion,Bảng thành phần thực phẩm Việt Nam 2007,nutrition_chunks_final_v4\024_2001_cu_au.md
25,2002,Củ cái,,15.0,100g edible portion,Bảng thành phần thực phẩm Việt Nam 2007,nutrition_chunks_final_v4\025_2002_cu_cai.md
26,2003,Củ dong,Bermuda tuber,4.0,100g edible portion,Bảng thành phần thực phẩm Việt Nam 2007,nutrition_chunks_final_v4\026_2003_cu_dong.md
27,2004,Củ sắn,,25.0,100g edible portion,Bảng thành phần thực phẩm Việt Nam 2007,nutrition_chunks_final_v4\027_2004_cu_san.md
28,2005,Củ sắn dây,Radix puerariae,10.0,100g edible portion,Bảng thành phần thực phẩm Việt Nam 2007,nutrition_chunks_final_v4\028_2005_cu_san_day.md
29,2006,Củ súng khô (đã bỏ vỏ),,0.0,100g edible portion,Bảng thành phần thực phẩm Việt Nam 2007,nutrition_chunks_final_v4\029_2006_cu_sung_kho_da_bo_vo.md
30,2007,Củ từ,,6.0,100g edible portion,Bảng thành phần thực phẩm Việt Nam 2007,nutrition_chunks_final_v4\030_2007_cu_tu.md
31,2008,Khoai lang,"Sweet potato, white",17.0,100g edible portion,Bảng thành phần thực phẩm Việt Nam 2007,nutrition_chunks_final_v4\031_2008_khoai_lang.md
32,2009,Khoai lang nghệ,,13.0,100g edible portion,Bảng thành phần thực phẩm Việt Nam 2007,nutrition_chunks_final_v4\032_2009_khoai_lang_nghe.md
33,2010,Khoai môn,Khoai nước Water-taro,14.0,100g edible portion,Bảng thành phần thực phẩm Việt Nam 2007,nutrition_chunks_final_v4\033_2010_khoai_mon.md
34,2011,Khoai nước,,14.0,100g edible portion,Bảng thành phần thực phẩm Việt Nam 2007,nutrition_chunks_final_v4\034_2011_khoai_nuoc.md
35,2012,Khoai riềng,Edible canna,19.0,100g edible portion,Bảng thành phần thực phẩm Việt Nam 2007,nutrition_chunks_final_v4\035_2012_khoai_rieng.md
36,2013,Khoai sä,,18.0,100g edible portion,Bảng thành phần thực phẩm Việt Nam 2007,nutrition_chunks_final_v4\036_2013_khoai_sa.md
37,2014,Khoai tây,"Potato, white",13.0,100g edible portion,Bảng thành phần thực phẩm Việt Nam 2007,nutrition_chunks_final_v4\037_2014_khoai_tay.md
38,2015,Miến dong,Vermicelli from Bermuda tuber,0.0,100g edible portion,Bảng thành phần thực phẩm Việt Nam 2007,nutrition_chunks_final_v4\038_2015_mien_dong.md
39,2016,Bét dong läc,,0.0,100g edible portion,Bảng thành phần thực phẩm Việt Nam 2007,nutrition_chunks_final_v4\039_2016_bet_dong_lac.md
40,2017,Bét khoai lang,"Canna edulis Ker, flour",0.0,100g edible portion,Bảng thành phần thực phẩm Việt Nam 2007,nutrition_chunks_final_v4\040_2017_bet_khoai_lang.md
41,2018,Bột khoai riềng (bột đao),,0.0,100g edible portion,Bảng thành phần thực phẩm Việt Nam 2007,nutrition_chunks_final_v4\041_2018_bot_khoai_rieng_bot_dao.md
42,2019,Bột khoai tây (lọc),"Potato flour, white",0.0,100g edible portion,Bảng thành phần thực phẩm Việt Nam 2007,nutrition_chunks_final_v4\042_2019_bot_khoai_tay_loc.md
43,2020,Bột sắn,,0.0,100g edible portion,Bảng thành phần thực phẩm Việt Nam 2007,nutrition_chunks_final_v4\043_2020_bot_san.md
44,2021,Bột sắn dây,,0.0,100g edible portion,Bảng thành phần thực phẩm Việt Nam 2007,nutrition_chunks_final_v4\044_2021_bot_san_day.md
45,2022,Khoai lang khô,"Sweet potato, dried",5.0,100g edible portion,Bảng thành phần thực phẩm Việt Nam 2007,nutrition_chunks_final_v4\045_2022_khoai_lang_kho.md
46,2023,Khoai tây khô,"Potato, white, dried",0.0,100g edible portion,Bảng thành phần thực phẩm Việt Nam 2007,nutrition_chunks_final_v4\046_2023_khoai_tay_kho.md
47,2024,Khoai tây lát chiên,,0.0,100g edible portion,Bảng thành phần thực phẩm Việt Nam 2007,nutrition_chunks_final_v4\047_2024_khoai_tay_lat_chien.md
48,2025,Sắn khô,Dried bitter cassava,5.0,100g edible portion,Bảng thành phần thực phẩm Việt Nam 2007,nutrition_chunks_final_v4\048_2025_san_kho.md
49,2026,Trân châu sắn,"GROUP 3 - PULSES, NUTS, SEEDS AND PRODUCTS",0.0,100g edible portion,Bảng thành phần thực phẩm Việt Nam 2007,nutrition_chunks_final_v4\049_2026_tran_chau_san.md
50,3001,Cùi dừa già,"Coconut meat, mature, raw",20.0,100g edible portion,Bảng thành phần thực phẩm Việt Nam 2007,nutrition_chunks_final_v4\050_3001_cui_dua_gia.md
51,3002,Cùi dừa non,"Coconut meat, immature, raw",0.0,100g edible portion,Bảng thành phần thực phẩm Việt Nam 2007,nutrition_chunks_final_v4\051_3002_cui_dua_non.md
52,3003,Đậu cô ve (hạt),,10.0,100g edible portion,Bảng thành phần thực phẩm Việt Nam 2007,nutrition_chunks_final_v4\052_3003_dau_co_ve_hat.md
53,3004,Đậu đen (hạt),"Black bean seeds, dried",2.0,100g edible portion,Bảng thành phần thực phẩm Việt Nam 2007,nutrition_chunks_final_v4\053_3004_dau_den_hat.md
54,3005,Đậu đũa (hạt),,10.0,100g edible portion,Bảng thành phần thực phẩm Việt Nam 2007,nutrition_chunks_final_v4\054_3005_dau_dua_hat.md
55,3006,Đậu Hà lan (hạt),"Peas garden and field, seeds, dried",0.0,100g edible portion,Bảng thành phần thực phẩm Việt Nam 2007,nutrition_chunks_final_v4\055_3006_dau_ha_lan_hat.md
56,3007,Đậu tương (đậu nành),"Yellow dried soybean seeds, dried",2.0,100g edible portion,Bảng thành phần thực phẩm Việt Nam 2007,nutrition_chunks_final_v4\056_3007_dau_tuong_dau_nanh.md
57,3008,Đậu trắng hạt (đậu tây),,2.0,100g edible portion,Bảng thành phần thực phẩm Việt Nam 2007,nutrition_chunks_final_v4\057_3008_dau_trang_hat_dau_tay.md
58,3009,Đậu trứng cuốc,,2.0,100g edible portion,Bảng thành phần thực phẩm Việt Nam 2007,nutrition_chunks_final_v4\058_3009_dau_trung_cuoc.md
59,3010,Đậu xanh (đậu tắt),"Chestnut, Chinese whole, raw",2.0,100g edible portion,Bảng thành phần thực phẩm Việt Nam 2007,nutrition_chunks_final_v4\059_3010_dau_xanh_dau_tat.md
60,3011,Hạt dẻ to,"Chestnut, Chinese whole, raw",30.0,100g edible portion,Bảng thành phần thực phẩm Việt Nam 2007,nutrition_chunks_final_v4\060_3011_hat_de_to.md
61,3012,Hạt dẻ tươi,"Hạt dẻ khô Chestnut, dried",18.0,100g edible portion,Bảng thành phần thực phẩm Việt Nam 2007,nutrition_chunks_final_v4\061_3012_hat_de_tuoi.md
62,3013,Hạt dẻ khô,Hạt đen Black seed,20.0,100g edible portion,Bảng thành phần thực phẩm Việt Nam 2007,nutrition_chunks_final_v4\062_3013_hat_de_kho.md
63,3014,Hạt đen,,50.0,100g edible portion,Bảng thành phần thực phẩm Việt Nam 2007,nutrition_chunks_final_v4\063_3014_hat_den.md
64,3015,Hạt điều,"Cashew nut, common",0.0,100g edible portion,Bảng thành phần thực phẩm Việt Nam 2007,nutrition_chunks_final_v4\064_3015_hat_dieu.md
65,3016,Hạt mít,"Jack fruit, seed, raw",15.0,100g edible portion,Bảng thành phần thực phẩm Việt Nam 2007,nutrition_chunks_final_v4\065_3016_hat_mit.md
66,3017,Lạc hạt,Quả cọ tươi Palm fruit fresh,2.0,100g edible portion,Bảng thành phần thực phẩm Việt Nam 2007,nutrition_chunks_final_v4\066_3017_lac_hat.md
67,3018,Quả cọ tươi,,40.0,100g edible portion,Bảng thành phần thực phẩm Việt Nam 2007,nutrition_chunks_final_v4\067_3018_qua_co_tuoi.md
68,3019,Quả đại hái tươi,"Sesame oriental seeds, whole, dried black or white",90.0,100g edible portion,Bảng thành phần thực phẩm Việt Nam 2007,nutrition_chunks_final_v4\068_3019_qua_dai_hai_tuoi.md
69,3020,"Vừng (đen, trắng)",,5.0,100g edible portion,Bảng thành phần thực phẩm Việt Nam 2007,nutrition_chunks_final_v4\069_3020_vung_den_trang.md
70,3021,Bột đậu tương đã loại béo (đậu nành),,0.0,100g edible portion,Bảng thành phần thực phẩm Việt Nam 2007,nutrition_chunks_final_v4\070_3021_bot_dau_tuong_da_loai_beo_dau_nanh.md
71,3022,Bột đậu tương rang chín,,0.0,100g edible portion,Bảng thành phần thực phẩm Việt Nam 2007,nutrition_chunks_final_v4\071_3022_bot_dau_tuong_rang_chin.md
72,3023,Bột đậu xanh,,0.0,100g edible portion,Bảng thành phần thực phẩm Việt Nam 2007,nutrition_chunks_final_v4\072_3023_bot_dau_xanh.md
73,3024,Bột lạc,,0.0,100g edible portion,Bảng thành phần thực phẩm Việt Nam 2007,nutrition_chunks_final_v4\073_3024_bot_lac.md
74,3025,Đậu phụ,,0.0,100g edible portion,Bảng thành phần thực phẩm Việt Nam 2007,nutrition_chunks_final_v4\074_3025_dau_phu.md
75,3026,Đậu phụ chúc,"Curd tofu, fried",0.0,100g edible portion,Bảng thành phần thực phẩm Việt Nam 2007,nutrition_chunks_final_v4\075_3026_dau_phu_chuc.md
76,3027,Đậu phụ nướng,,0.0,100g edible portion,Bảng thành phần thực phẩm Việt Nam 2007,nutrition_chunks_final_v4\076_3027_dau_phu_nuong.md
77,3028,Hạt bí đỏ rang,"Water melon seeds whole, fried",19.0,100g edible portion,Bảng thành phần thực phẩm Việt Nam 2007,nutrition_chunks_final_v4\077_3028_hat_bi_do_rang.md
78,3029,Hạt da đỏ rang (dưa hấu),"Cashew, common, roasted with oil",22.0,100g edible portion,Bảng thành phần thực phẩm Việt Nam 2007,nutrition_chunks_final_v4\078_3029_hat_da_do_rang_dua_hau.md
79,3030,"Hạt điều khô, chiên dầu","Milk flour, made from roasted soybeans",0.0,100g edible portion,Bảng thành phần thực phẩm Việt Nam 2007,nutrition_chunks_final_v4\079_3030_hat_dieu_kho_chien_dau.md
80,3031,Sữa bột đậu nành,,0.0,100g edible portion,Bảng thành phần thực phẩm Việt Nam 2007,nutrition_chunks_final_v4\080_3031_sua_bot_dau_nanh.md
81,3032,Sữa đậu nành (100g đậu/lít),"Tofu in light syrup (Tofu 160g, sirup 65ml)",0.0,100g edible portion,Bảng thành phần thực phẩm Việt Nam 2007,nutrition_chunks_final_v4\081_3032_sua_dau_nanh_100g_dau_lit.md
82,3033,Tào phớ,"NHểM 4 – RAU, QUẢ, CỦ DÙNG LÀM RAU GROUP 4 - VEGETABLES",0.0,100g edible portion,Bảng thành phần thực phẩm Việt Nam 2007,nutrition_chunks_final_v4\082_3033_tao_pho.md
83,4001,Bầu,"Asgourd Waxgoured, Winter melon",35.3,100g edible portion,Bảng thành phần thực phẩm Việt Nam 2007,nutrition_chunks_final_v4\083_4001_bau.md
84,4002,Bí đao (bí xanh),,25.0,100g edible portion,Bảng thành phần thực phẩm Việt Nam 2007,nutrition_chunks_final_v4\084_4002_bi_dao_bi_xanh.md
85,4003,Bí ngô,,18.3,100g edible portion,Bảng thành phần thực phẩm Việt Nam 2007,nutrition_chunks_final_v4\085_4003_bi_ngo.md
86,4004,Cà bát,,5.0,100g edible portion,Bảng thành phần thực phẩm Việt Nam 2007,nutrition_chunks_final_v4\086_4004_ca_bat.md
87,4005,Cà chua,,5.0,100g edible portion,Bảng thành phần thực phẩm Việt Nam 2007,nutrition_chunks_final_v4\087_4005_ca_chua.md
88,4006,Cà pháo,Carrots,10.0,100g edible portion,Bảng thành phần thực phẩm Việt Nam 2007,nutrition_chunks_final_v4\088_4006_ca_phao.md
89,4007,"Cà rốt (củ đỏ, vàng)",,10.5,100g edible portion,Bảng thành phần thực phẩm Việt Nam 2007,nutrition_chunks_final_v4\089_4007_ca_rot_cu_do_vang.md
90,4008,Cà rốt khô,,0.0,100g edible portion,Bảng thành phần thực phẩm Việt Nam 2007,nutrition_chunks_final_v4\090_4008_ca_rot_kho.md
91,4009,Cà tím,,5.0,100g edible portion,Bảng thành phần thực phẩm Việt Nam 2007,nutrition_chunks_final_v4\091_4009_ca_tim.md
92,4010,Cải bắp,,10.0,100g edible portion,Bảng thành phần thực phẩm Việt Nam 2007,nutrition_chunks_final_v4\092_4010_cai_bap.md
93,4011,Cải bắp đỏ,,22.0,100g edible portion,Bảng thành phần thực phẩm Việt Nam 2007,nutrition_chunks_final_v4\093_4011_cai_bap_do.md
94,4012,Cải bắp khô,,0.0,100g edible portion,Bảng thành phần thực phẩm Việt Nam 2007,nutrition_chunks_final_v4\094_4012_cai_bap_kho.md
95,4013,Cải cúc,,25.0,100g edible portion,Bảng thành phần thực phẩm Việt Nam 2007,nutrition_chunks_final_v4\095_4013_cai_cuc.md
96,4014,Cải soong,Watercress,30.0,100g edible portion,Bảng thành phần thực phẩm Việt Nam 2007,nutrition_chunks_final_v4\096_4014_cai_soong.md
97,4015,Cải thìa (cải trắng),,25.0,100g edible portion,Bảng thành phần thực phẩm Việt Nam 2007,nutrition_chunks_final_v4\097_4015_cai_thia_cai_trang.md
98,4016,Cải xanh,"Mustard greens, India, leaves and stems",24.0,100g edible portion,Bảng thành phần thực phẩm Việt Nam 2007,nutrition_chunks_final_v4\098_4016_cai_xanh.md
99,4017,Cần ta,,20.0,100g edible portion,Bảng thành phần thực phẩm Việt Nam 2007,nutrition_chunks_final_v4\099_4017_can_ta.md
100,4018,Cần tây,"Banana common varieties, unripe",16.0,100g edible portion,Bảng thành phần thực phẩm Việt Nam 2007,nutrition_chunks_final_v4\100_4018_can_tay.md
101,4019,Chuèi xanh,,32.0,100g edible portion,Bảng thành phần thực phẩm Việt Nam 2007,nutrition_chunks_final_v4\101_4019_chuei_xanh.md
102,4020,Củ cải đỏ,,20.0,100g edible portion,Bảng thành phần thực phẩm Việt Nam 2007,nutrition_chunks_final_v4\102_4020_cu_cai_do.md
103,4021,Củ cải trắng,"Dried radish, white",13.2,100g edible portion,Bảng thành phần thực phẩm Việt Nam 2007,nutrition_chunks_final_v4\103_4021_cu_cai_trang.md
104,4022,Củ cải trắng khô,,0.0,100g edible portion,Bảng thành phần thực phẩm Việt Nam 2007,nutrition_chunks_final_v4\104_4022_cu_cai_trang_kho.md
105,4023,Củ đậu,"Manchurian water-rice, Manchurian Wild rice",15.0,100g edible portion,Bảng thành phần thực phẩm Việt Nam 2007,nutrition_chunks_final_v4\105_4023_cu_dau.md
106,4024,Củ niễng,"Horse radish; dish - tree, drumstick leave",13.0,100g edible portion,Bảng thành phần thực phẩm Việt Nam 2007,nutrition_chunks_final_v4\106_4024_cu_nieng.md
107,4025,Dọc củ cải (non),,4.0,100g edible portion,Bảng thành phần thực phẩm Việt Nam 2007,nutrition_chunks_final_v4\107_4025_doc_cu_cai_non.md
108,4026,Dọc mùng,,20.0,100g edible portion,Bảng thành phần thực phẩm Việt Nam 2007,nutrition_chunks_final_v4\108_4026_doc_mung.md
109,4027,Dưa chuột,,5.0,100g edible portion,Bảng thành phần thực phẩm Việt Nam 2007,nutrition_chunks_final_v4\109_4027_dua_chuot.md
110,4028,Dưa gang,"Beans, kidney, in pod, French bean; Navy been",5.0,100g edible portion,Bảng thành phần thực phẩm Việt Nam 2007,nutrition_chunks_final_v4\110_4028_dua_gang.md
111,4029,Đậu cô ve,"Cow-peas, yard long, Chinese long bean",10.0,100g edible portion,Bảng thành phần thực phẩm Việt Nam 2007,nutrition_chunks_final_v4\111_4029_dau_co_ve.md
112,4030,Đậu đũa,Green peas; field pea; Peas garden,10.0,100g edible portion,Bảng thành phần thực phẩm Việt Nam 2007,nutrition_chunks_final_v4\112_4030_dau_dua.md
113,4031,Đậu Hà Lan,"Winged bean goabean, Indies, asparagus pea",10.0,100g edible portion,Bảng thành phần thực phẩm Việt Nam 2007,nutrition_chunks_final_v4\113_4031_dau_ha_lan.md
114,4032,Đậu rồng (quả non),,5.0,100g edible portion,Bảng thành phần thực phẩm Việt Nam 2007,nutrition_chunks_final_v4\114_4032_dau_rong_qua_non.md
115,4033,Đu đủ xanh,,25.0,100g edible portion,Bảng thành phần thực phẩm Việt Nam 2007,nutrition_chunks_final_v4\115_4033_du_du_xanh.md
116,4034,Gấc,"Gac fruit, whole",80.0,100g edible portion,Bảng thành phần thực phẩm Việt Nam 2007,nutrition_chunks_final_v4\116_4034_gac.md
117,4035,Giá đậu tương,"Mungobean sprouts, Green gram, Tiensin green bean",0.0,100g edible portion,Bảng thành phần thực phẩm Việt Nam 2007,nutrition_chunks_final_v4\117_4035_gia_dau_tuong.md
118,4036,Giá đậu xanh,,5.0,100g edible portion,Bảng thành phần thực phẩm Việt Nam 2007,nutrition_chunks_final_v4\118_4036_gia_dau_xanh.md
119,4037,Hành củ tươi,,24.0,100g edible portion,Bảng thành phần thực phẩm Việt Nam 2007,nutrition_chunks_final_v4\119_4037_hanh_cu_tuoi.md
120,4038,Hành lá (hành hoa),"Onion, common, garden",20.0,100g edible portion,Bảng thành phần thực phẩm Việt Nam 2007,nutrition_chunks_final_v4\120_4038_hanh_la_hanh_hoa.md
121,4039,Hành tây,"Lotus seed, raw",17.0,100g edible portion,Bảng thành phần thực phẩm Việt Nam 2007,nutrition_chunks_final_v4\121_4039_hanh_tay.md
122,4040,Hạt sen tươi,,39.0,100g edible portion,Bảng thành phần thực phẩm Việt Nam 2007,nutrition_chunks_final_v4\122_4040_hat_sen_tuoi.md
123,4041,Hạt sen khô,,0.0,100g edible portion,Bảng thành phần thực phẩm Việt Nam 2007,nutrition_chunks_final_v4\123_4041_hat_sen_kho.md
124,4042,Hẹ lá,"Onion, fragrant, Chinese leek",13.0,100g edible portion,Bảng thành phần thực phẩm Việt Nam 2007,nutrition_chunks_final_v4\124_4042_he_la.md
125,4043,Hoa chuèi,"Daylily, lemon flowers, Pergularia, raw",29.0,100g edible portion,Bảng thành phần thực phẩm Việt Nam 2007,nutrition_chunks_final_v4\125_4043_hoa_chuei.md
126,4044,Hoa lý,,3.0,100g edible portion,Bảng thành phần thực phẩm Việt Nam 2007,nutrition_chunks_final_v4\126_4044_hoa_ly.md
127,4045,Khế,,13.0,100g edible portion,Bảng thành phần thực phẩm Việt Nam 2007,nutrition_chunks_final_v4\127_4045_khe.md
128,4046,Lá lốt,,0.0,100g edible portion,Bảng thành phần thực phẩm Việt Nam 2007,nutrition_chunks_final_v4\128_4046_la_lot.md
129,4047,Lá me,,0.0,100g edible portion,Bảng thành phần thực phẩm Việt Nam 2007,nutrition_chunks_final_v4\129_4047_la_me.md
130,4048,Lá mơ lông,,0.0,100g edible portion,Bảng thành phần thực phẩm Việt Nam 2007,nutrition_chunks_final_v4\130_4048_la_mo_long.md
131,1025,877,,0.0,100g edible portion,Bảng thành phần thực phẩm Việt Nam 2007,nutrition_chunks_final_v4\131_1025_877.md
132,4050,Măng chua,,24.0,100g edible portion,Bảng thành phần thực phẩm Việt Nam 2007,nutrition_chunks_final_v4\132_4050_mang_chua.md
133,4051,Măng khô,,0.0,100g edible portion,Bảng thành phần thực phẩm Việt Nam 2007,nutrition_chunks_final_v4\133_4051_mang_kho.md
134,4052,Măng tây,,50.0,100g edible portion,Bảng thành phần thực phẩm Việt Nam 2007,nutrition_chunks_final_v4\134_4052_mang_tay.md
135,4053,Măng tre,,50.0,100g edible portion,Bảng thành phần thực phẩm Việt Nam 2007,nutrition_chunks_final_v4\135_4053_mang_tre.md
136,4054,Mướp,"Gourd, sponge gourd",18.8,100g edible portion,Bảng thành phần thực phẩm Việt Nam 2007,nutrition_chunks_final_v4\136_4054_muop.md
137,4055,Mướp đắng,,20.0,100g edible portion,Bảng thành phần thực phẩm Việt Nam 2007,nutrition_chunks_final_v4\137_4055_muop_dang.md
138,4056,Mướp Nhật bản,,10.0,100g edible portion,Bảng thành phần thực phẩm Việt Nam 2007,nutrition_chunks_final_v4\138_4056_muop_nhat_ban.md
139,4057,Ngải cứu,"Corn, small variety immature, baby corn",31.0,100g edible portion,Bảng thành phần thực phẩm Việt Nam 2007,nutrition_chunks_final_v4\139_4057_ngai_cuu.md
140,4058,Ngô bao tử,,0.0,100g edible portion,Bảng thành phần thực phẩm Việt Nam 2007,nutrition_chunks_final_v4\140_4058_ngo_bao_tu.md
141,4059,Ngã sen,,11.0,100g edible portion,Bảng thành phần thực phẩm Việt Nam 2007,nutrition_chunks_final_v4\141_4059_nga_sen.md
142,4060,Nụ mướp,"Chili pepper, peppers red",18.0,100g edible portion,Bảng thành phần thực phẩm Việt Nam 2007,nutrition_chunks_final_v4\142_4060_nu_muop.md
143,4061,Ớt vàng to,,18.0,100g edible portion,Bảng thành phần thực phẩm Việt Nam 2007,nutrition_chunks_final_v4\143_4061_ot_vang_to.md
144,4062,Ớt vàng to,,10.0,100g edible portion,Bảng thành phần thực phẩm Việt Nam 2007,nutrition_chunks_final_v4\144_4062_ot_vang_to.md
145,4063,Ớt xanh to,,10.0,100g edible portion,Bảng thành phần thực phẩm Việt Nam 2007,nutrition_chunks_final_v4\145_4063_ot_xanh_to.md
146,4064,Quả dọc,"Tamarind fruit, pulp raw",36.0,100g edible portion,Bảng thành phần thực phẩm Việt Nam 2007,nutrition_chunks_final_v4\146_4064_qua_doc.md
147,4065,Quả me chua,,15.0,100g edible portion,Bảng thành phần thực phẩm Việt Nam 2007,nutrition_chunks_final_v4\147_4065_qua_me_chua.md
148,4066,Rau bí,,23.4,100g edible portion,Bảng thành phần thực phẩm Việt Nam 2007,nutrition_chunks_final_v4\148_4066_rau_bi.md
149,4067,Rau câu khô,,0.0,100g edible portion,Bảng thành phần thực phẩm Việt Nam 2007,nutrition_chunks_final_v4\149_4067_rau_cau_kho.md
150,4068,Rau câu tươi,,4.0,100g edible portion,Bảng thành phần thực phẩm Việt Nam 2007,nutrition_chunks_final_v4\150_4068_rau_cau_tuoi.md
151,4069,Rau diếp,,10.0,100g edible portion,Bảng thành phần thực phẩm Việt Nam 2007,nutrition_chunks_final_v4\151_4069_rau_diep.md
152,4070,Rau đay,,20.0,100g edible portion,Bảng thành phần thực phẩm Việt Nam 2007,nutrition_chunks_final_v4\152_4070_rau_day.md
153,4071,"Rau giấp cá, diếp cá",,0.0,100g edible portion,Bảng thành phần thực phẩm Việt Nam 2007,nutrition_chunks_final_v4\153_4071_rau_giap_ca_diep_ca.md
154,4072,Rau giền cơm,"Amaranth, spineless",0.0,100g edible portion,Bảng thành phần thực phẩm Việt Nam 2007,nutrition_chunks_final_v4\154_4072_rau_gien_com.md
155,4073,Rau giền đỏ,,38.0,100g edible portion,Bảng thành phần thực phẩm Việt Nam 2007,nutrition_chunks_final_v4\155_4073_rau_gien_do.md
156,4074,Rau giền trắng,"Basil sweet leaves, raw",14.0,100g edible portion,Bảng thành phần thực phẩm Việt Nam 2007,nutrition_chunks_final_v4\156_4074_rau_gien_trang.md
157,4075,Rau hóng,"Sweet potato, leaves",20.0,100g edible portion,Bảng thành phần thực phẩm Việt Nam 2007,nutrition_chunks_final_v4\157_4075_rau_hong.md
158,4076,Rau khoai lang,Sweet marjoram,5.0,100g edible portion,Bảng thành phần thực phẩm Việt Nam 2007,nutrition_chunks_final_v4\158_4076_rau_khoai_lang.md
159,4077,Rau kinh giíi,Wild plant,16.0,100g edible portion,Bảng thành phần thực phẩm Việt Nam 2007,nutrition_chunks_final_v4\159_4077_rau_kinh_giii.md
160,4078,Rau má rừng,,0.0,100g edible portion,Bảng thành phần thực phẩm Việt Nam 2007,nutrition_chunks_final_v4\160_4078_rau_ma_rung.md
161,4079,"Rau má, má mơ","Malabar night shade, Vinespinach, Ceylon spinach",0.0,100g edible portion,Bảng thành phần thực phẩm Việt Nam 2007,nutrition_chunks_final_v4\161_4079_rau_ma_ma_mo.md
162,4080,Rau mồng tơi,,17.0,100g edible portion,Bảng thành phần thực phẩm Việt Nam 2007,nutrition_chunks_final_v4\162_4080_rau_mong_toi.md
163,4081,Rau mùi,Coriander,15.0,100g edible portion,Bảng thành phần thực phẩm Việt Nam 2007,nutrition_chunks_final_v4\163_4081_rau_mui.md
164,4082,Rau mùi tàu,"Swamp cabbage, water spinach, water convol",20.0,100g edible portion,Bảng thành phần thực phẩm Việt Nam 2007,nutrition_chunks_final_v4\164_4082_rau_mui_tau.md
165,4083,Rau muèng,,37.5,100g edible portion,Bảng thành phần thực phẩm Việt Nam 2007,nutrition_chunks_final_v4\165_4083_rau_mueng.md
166,4084,Rau muống khô,Limnophila aromatic,0.0,100g edible portion,Bảng thành phần thực phẩm Việt Nam 2007,nutrition_chunks_final_v4\166_4084_rau_muong_kho.md
167,4085,Rau ngổ,,29.0,100g edible portion,Bảng thành phần thực phẩm Việt Nam 2007,nutrition_chunks_final_v4\167_4085_rau_ngo.md
168,4086,Rau ngãt,,23.0,100g edible portion,Bảng thành phần thực phẩm Việt Nam 2007,nutrition_chunks_final_v4\168_4086_rau_ngat.md
169,4087,Rau ngót khô,,0.0,100g edible portion,Bảng thành phần thực phẩm Việt Nam 2007,nutrition_chunks_final_v4\169_4087_rau_ngot_kho.md
170,4088,Rau răm,,25.0,100g edible portion,Bảng thành phần thực phẩm Việt Nam 2007,nutrition_chunks_final_v4\170_4088_rau_ram.md
171,4089,Rau rót,"Lettuce, garden asparagus",55.0,100g edible portion,Bảng thành phần thực phẩm Việt Nam 2007,nutrition_chunks_final_v4\171_4089_rau_rot.md
172,4090,Rau sà lách,,10.0,100g edible portion,Bảng thành phần thực phẩm Việt Nam 2007,nutrition_chunks_final_v4\172_4090_rau_sa_lach.md
173,4091,Rau sam,,0.0,100g edible portion,Bảng thành phần thực phẩm Việt Nam 2007,nutrition_chunks_final_v4\173_4091_rau_sam.md
174,4092,Rau sắng,,40.0,100g edible portion,Bảng thành phần thực phẩm Việt Nam 2007,nutrition_chunks_final_v4\174_4092_rau_sang.md
175,4093,Rau tàu bay,,0.0,100g edible portion,Bảng thành phần thực phẩm Việt Nam 2007,nutrition_chunks_final_v4\175_4093_rau_tau_bay.md
176,4094,Rau thơm,Mint leaves,25.0,100g edible portion,Bảng thành phần thực phẩm Việt Nam 2007,nutrition_chunks_final_v4\176_4094_rau_thom.md
177,4095,Sấu xanh,,35.0,100g edible portion,Bảng thành phần thực phẩm Việt Nam 2007,nutrition_chunks_final_v4\177_4095_sau_xanh.md
178,4096,Su hào,,22.4,100g edible portion,Bảng thành phần thực phẩm Việt Nam 2007,nutrition_chunks_final_v4\178_4096_su_hao.md
179,4097,Su hào khô,,0.0,100g edible portion,Bảng thành phần thực phẩm Việt Nam 2007,nutrition_chunks_final_v4\179_4097_su_hao_kho.md
180,4098,Su su,"Chayote, fruit raw",20.0,100g edible portion,Bảng thành phần thực phẩm Việt Nam 2007,nutrition_chunks_final_v4\180_4098_su_su.md
181,4099,Súp lơ trắng,"Cauliflower, white",40.0,100g edible portion,Bảng thành phần thực phẩm Việt Nam 2007,nutrition_chunks_final_v4\181_4099_sup_lo_trang.md
182,4100,Súp lơ xanh,"Cauliflower, green",39.0,100g edible portion,Bảng thành phần thực phẩm Việt Nam 2007,nutrition_chunks_final_v4\182_4100_sup_lo_xanh.md
183,4101,Thìa là,Thìa là Dill,25.0,100g edible portion,Bảng thành phần thực phẩm Việt Nam 2007,nutrition_chunks_final_v4\183_4101_thia_la.md
184,4102,Tía tô,,20.0,100g edible portion,Bảng thành phần thực phẩm Việt Nam 2007,nutrition_chunks_final_v4\184_4102_tia_to.md
185,4103,Tái ta,,20.0,100g edible portion,Bảng thành phần thực phẩm Việt Nam 2007,nutrition_chunks_final_v4\185_4103_tai_ta.md
186,4104,Tỏi tây (cả lá),,20.0,100g edible portion,Bảng thành phần thực phẩm Việt Nam 2007,nutrition_chunks_final_v4\186_4104_toi_tay_ca_la.md
187,4105,Trám đen chín,Chinese olive,50.0,100g edible portion,Bảng thành phần thực phẩm Việt Nam 2007,nutrition_chunks_final_v4\187_4105_tram_den_chin.md
188,4106,Xương sông,Edible herbaceous plant,34.0,100g edible portion,Bảng thành phần thực phẩm Việt Nam 2007,nutrition_chunks_final_v4\188_4106_xuong_song.md
189,4107,Xương sông,,10.0,100g edible portion,Bảng thành phần thực phẩm Việt Nam 2007,nutrition_chunks_final_v4\189_4107_xuong_song.md
190,4108,Cà chua muối,"Eggplant, garden, brinjan; aubergine, pickled",5.0,100g edible portion,Bảng thành phần thực phẩm Việt Nam 2007,nutrition_chunks_final_v4\190_4108_ca_chua_muoi.md
191,4109,Cà muối nén,"Eggplant, garden, brinjan; aubergine, pickled",5.0,100g edible portion,Bảng thành phần thực phẩm Việt Nam 2007,nutrition_chunks_final_v4\191_4109_ca_muoi_nen.md
192,4110,Cà muối sổi,"Cabbage Chinese, pickled",5.0,100g edible portion,Bảng thành phần thực phẩm Việt Nam 2007,nutrition_chunks_final_v4\192_4110_ca_muoi_soi.md
193,4111,Dưa cải bắp,,5.0,100g edible portion,Bảng thành phần thực phẩm Việt Nam 2007,nutrition_chunks_final_v4\193_4111_dua_cai_bap.md
194,4112,Dưa cải bẹ,,5.0,100g edible portion,Bảng thành phần thực phẩm Việt Nam 2007,nutrition_chunks_final_v4\194_4112_dua_cai_be.md
195,4113,Dưa cải sen,"Cucumber, pickled",5.0,100g edible portion,Bảng thành phần thực phẩm Việt Nam 2007,nutrition_chunks_final_v4\195_4113_dua_cai_sen.md
196,4114,Dưa chuột muối,,5.0,100g edible portion,Bảng thành phần thực phẩm Việt Nam 2007,nutrition_chunks_final_v4\196_4114_dua_chuot_muoi.md
197,4115,Dưa giá (đậu xanh),,0.0,100g edible portion,Bảng thành phần thực phẩm Việt Nam 2007,nutrition_chunks_final_v4\197_4115_dua_gia_dau_xanh.md
198,4116,Hành củ muối,"Onion shallot, scallion, pickled",30.0,100g edible portion,Bảng thành phần thực phẩm Việt Nam 2007,nutrition_chunks_final_v4\198_4116_hanh_cu_muoi.md
199,4117,Kiệu muối,"Nhút (muối từ mít non, ngọn đậu xanh non...)",30.0,100g edible portion,Bảng thành phần thực phẩm Việt Nam 2007,nutrition_chunks_final_v4\199_4117_kieu_muoi.md
200,4118,Men bia khô,,0.0,100g edible portion,Bảng thành phần thực phẩm Việt Nam 2007,nutrition_chunks_final_v4\200_4118_men_bia_kho.md
201,4119,Men bia khô,,0.0,100g edible portion,Bảng thành phần thực phẩm Việt Nam 2007,nutrition_chunks_final_v4\201_4119_men_bia_kho.md
202,4120,Men bia tươi,"Jew's ear, Juda's ear, dried, Wood-ear, Tender variety",0.0,100g edible portion,Bảng thành phần thực phẩm Việt Nam 2007,nutrition_chunks_final_v4\202_4120_men_bia_tuoi.md
203,4121,Mộc nhĩ,,10.0,100g edible portion,Bảng thành phần thực phẩm Việt Nam 2007,nutrition_chunks_final_v4\203_4121_moc_nhi.md
204,4122,Nấm hương khô,"Mushroom, Chinese, raw",10.0,100g edible portion,Bảng thành phần thực phẩm Việt Nam 2007,nutrition_chunks_final_v4\204_4122_nam_huong_kho.md
205,4123,Nấm hương tươi,Mushroom,25.0,100g edible portion,Bảng thành phần thực phẩm Việt Nam 2007,nutrition_chunks_final_v4\205_4123_nam_huong_tuoi.md
206,4124,Nấm mỡ (Nấm tây),,10.0,100g edible portion,Bảng thành phần thực phẩm Việt Nam 2007,nutrition_chunks_final_v4\206_4124_nam_mo_nam_tay.md
207,4125,Nấm rơm,"Mushroom, common",10.0,100g edible portion,Bảng thành phần thực phẩm Việt Nam 2007,nutrition_chunks_final_v4\207_4125_nam_rom.md
208,4126,Nấm thường tươi,NHểM 5 – QUẢ CHÍN GROUP 5 - FRUITS,25.0,100g edible portion,Bảng thành phần thực phẩm Việt Nam 2007,nutrition_chunks_final_v4\208_4126_nam_thuong_tuoi.md
209,5001,Bưởi,,35.0,100g edible portion,Bảng thành phần thực phẩm Việt Nam 2007,nutrition_chunks_final_v4\209_5001_buoi.md
210,5002,Cam,Orange,31.1,100g edible portion,Bảng thành phần thực phẩm Việt Nam 2007,nutrition_chunks_final_v4\210_5002_cam.md
211,5003,Chanh,,25.0,100g edible portion,Bảng thành phần thực phẩm Việt Nam 2007,nutrition_chunks_final_v4\211_5003_chanh.md
212,5004,Chôm chôm,,50.0,100g edible portion,Bảng thành phần thực phẩm Việt Nam 2007,nutrition_chunks_final_v4\212_5004_chom_chom.md
213,5005,Chuối khô,,0.0,100g edible portion,Bảng thành phần thực phẩm Việt Nam 2007,nutrition_chunks_final_v4\213_5005_chuoi_kho.md
214,5006,Chuối tây,,26.5,100g edible portion,Bảng thành phần thực phẩm Việt Nam 2007,nutrition_chunks_final_v4\214_5006_chuoi_tay.md
215,5007,Chuối tiêu,,35.0,100g edible portion,Bảng thành phần thực phẩm Việt Nam 2007,nutrition_chunks_final_v4\215_5007_chuoi_tieu.md
216,5008,Dâu gia,,56.0,100g edible portion,Bảng thành phần thực phẩm Việt Nam 2007,nutrition_chunks_final_v4\216_5008_dau_gia.md
217,5009,Dâu tây,"Musk melon, Spanish melon, Cantaloupe",15.0,100g edible portion,Bảng thành phần thực phẩm Việt Nam 2007,nutrition_chunks_final_v4\217_5009_dau_tay.md
218,5010,Dưa bở,,10.0,100g edible portion,Bảng thành phần thực phẩm Việt Nam 2007,nutrition_chunks_final_v4\218_5010_dua_bo.md
219,5011,Dưa hấu,Watermelon,48.0,100g edible portion,Bảng thành phần thực phẩm Việt Nam 2007,nutrition_chunks_final_v4\219_5011_dua_hau.md
220,5012,Dưa hồng,,16.0,100g edible portion,Bảng thành phần thực phẩm Việt Nam 2007,nutrition_chunks_final_v4\220_5012_dua_hong.md
221,5013,Dưa lê,,18.0,100g edible portion,Bảng thành phần thực phẩm Việt Nam 2007,nutrition_chunks_final_v4\221_5013_dua_le.md
222,5014,Dứa ta,,40.0,100g edible portion,Bảng thành phần thực phẩm Việt Nam 2007,nutrition_chunks_final_v4\222_5014_dua_ta.md
223,5015,Dứa tây,Pineapple,40.0,100g edible portion,Bảng thành phần thực phẩm Việt Nam 2007,nutrition_chunks_final_v4\223_5015_dua_tay.md
224,5016,Đào,,12.0,100g edible portion,Bảng thành phần thực phẩm Việt Nam 2007,nutrition_chunks_final_v4\224_5016_dao.md
225,5017,Đu đủ chín,Ohia; Malaya roseapple,12.4,100g edible portion,Bảng thành phần thực phẩm Việt Nam 2007,nutrition_chunks_final_v4\225_5017_du_du_chin.md
226,5018,Gioi,,19.0,100g edible portion,Bảng thành phần thực phẩm Việt Nam 2007,nutrition_chunks_final_v4\226_5018_gioi.md
227,5019,Hồng bì,"Persimmon kaki, soft type, ripe",46.0,100g edible portion,Bảng thành phần thực phẩm Việt Nam 2007,nutrition_chunks_final_v4\227_5019_hong_bi.md
228,5020,Hồng đỏ,,8.8,100g edible portion,Bảng thành phần thực phẩm Việt Nam 2007,nutrition_chunks_final_v4\228_5020_hong_do.md
229,5021,Hồng ngâm,,17.7,100g edible portion,Bảng thành phần thực phẩm Việt Nam 2007,nutrition_chunks_final_v4\229_5021_hong_ngam.md
230,5022,Hồng xiêm,,10.0,100g edible portion,Bảng thành phần thực phẩm Việt Nam 2007,nutrition_chunks_final_v4\230_5022_hong_xiem.md
231,5023,Lê,,12.0,100g edible portion,Bảng thành phần thực phẩm Việt Nam 2007,nutrition_chunks_final_v4\231_5023_le.md
232,5024,Lùu,,85.0,100g edible portion,Bảng thành phần thực phẩm Việt Nam 2007,nutrition_chunks_final_v4\232_5024_luu.md
233,5025,Mãng cầu xiêm,,21.0,100g edible portion,Bảng thành phần thực phẩm Việt Nam 2007,nutrition_chunks_final_v4\233_5025_mang_cau_xiem.md
234,5026,Mắc coọc,,14.0,100g edible portion,Bảng thành phần thực phẩm Việt Nam 2007,nutrition_chunks_final_v4\234_5026_mac_cooc.md
235,5027,Mận,,15.0,100g edible portion,Bảng thành phần thực phẩm Việt Nam 2007,nutrition_chunks_final_v4\235_5027_man.md
236,5028,Mít dai,"Jackfruit, jackfruit mature",55.0,100g edible portion,Bảng thành phần thực phẩm Việt Nam 2007,nutrition_chunks_final_v4\236_5028_mit_dai.md
237,5029,Mít khô,"Jack fruit, honey",0.0,100g edible portion,Bảng thành phần thực phẩm Việt Nam 2007,nutrition_chunks_final_v4\237_5029_mit_kho.md
238,5030,Mít mật,"Apricot, Apricot nectar",55.0,100g edible portion,Bảng thành phần thực phẩm Việt Nam 2007,nutrition_chunks_final_v4\238_5030_mit_mat.md
239,5031,Mơ,,14.0,100g edible portion,Bảng thành phần thực phẩm Việt Nam 2007,nutrition_chunks_final_v4\239_5031_mo.md
240,5032,Mơ khô,"Apricot dried, unsulfured",0.0,100g edible portion,Bảng thành phần thực phẩm Việt Nam 2007,nutrition_chunks_final_v4\240_5032_mo_kho.md
241,5033,"Muỗm, quéo",,20.0,100g edible portion,Bảng thành phần thực phẩm Việt Nam 2007,nutrition_chunks_final_v4\241_5033_muom_queo.md
242,5034,Na,"Sugarapple, sweetsop",44.4,100g edible portion,Bảng thành phần thực phẩm Việt Nam 2007,nutrition_chunks_final_v4\242_5034_na.md
243,1283,562,,45.0,100g edible portion,Bảng thành phần thực phẩm Việt Nam 2007,nutrition_chunks_final_v4\243_1283_562.md
244,5036,Nhãn khô,"Grape, European, sweet",0.0,100g edible portion,Bảng thành phần thực phẩm Việt Nam 2007,nutrition_chunks_final_v4\244_5036_nhan_kho.md
245,5037,Nho ngät,"Grape fruit, sour",1.9,100g edible portion,Bảng thành phần thực phẩm Việt Nam 2007,nutrition_chunks_final_v4\245_5037_nho_ngat.md
246,5038,Nho ta (nho chua),,13.0,100g edible portion,Bảng thành phần thực phẩm Việt Nam 2007,nutrition_chunks_final_v4\246_5038_nho_ta_nho_chua.md
247,5039,Nhãt,,24.0,100g edible portion,Bảng thành phần thực phẩm Việt Nam 2007,nutrition_chunks_final_v4\247_5039_nhat.md
248,5040,Ổi,,5.0,100g edible portion,Bảng thành phần thực phẩm Việt Nam 2007,nutrition_chunks_final_v4\248_5040_oi.md
249,5041,Quả bơ vỏ tím,,27.0,100g edible portion,Bảng thành phần thực phẩm Việt Nam 2007,nutrition_chunks_final_v4\249_5041_qua_bo_vo_tim.md
250,2290,910,"Avocado, green",28.0,100g edible portion,Bảng thành phần thực phẩm Việt Nam 2007,nutrition_chunks_final_v4\250_2290_910.md
251,1399,688,,25.0,100g edible portion,Bảng thành phần thực phẩm Việt Nam 2007,nutrition_chunks_final_v4\251_1399_688.md
252,5044,Quả thanh long,,,100g edible portion,Bảng thành phần thực phẩm Việt Nam 2007,nutrition_chunks_final_v4\252_5044_qua_thanh_long.md
253,5045,Quả trứng gà,"Mandarin, whole fruit",25.0,100g edible portion,Bảng thành phần thực phẩm Việt Nam 2007,nutrition_chunks_final_v4\253_5045_qua_trung_ga.md
254,5046,Quất chín (cả vỏ),,4.0,100g edible portion,Bảng thành phần thực phẩm Việt Nam 2007,nutrition_chunks_final_v4\254_5046_quat_chin_ca_vo.md
255,5047,Quít,Tangerine; Orange; Mandarin,19.8,100g edible portion,Bảng thành phần thực phẩm Việt Nam 2007,nutrition_chunks_final_v4\255_5047_quit.md
256,5048,Sầu riêng,,75.0,100g edible portion,Bảng thành phần thực phẩm Việt Nam 2007,nutrition_chunks_final_v4\256_5048_sau_rieng.md
257,5049,Sấu chín,"Jujube, common or Chinese; Chinese date",24.0,100g edible portion,Bảng thành phần thực phẩm Việt Nam 2007,nutrition_chunks_final_v4\257_5049_sau_chin.md
258,1465,759,"Apple, common, domestic",14.0,100g edible portion,Bảng thành phần thực phẩm Việt Nam 2007,nutrition_chunks_final_v4\258_1465_759.md
259,5051,Táo tây,,12.0,100g edible portion,Bảng thành phần thực phẩm Việt Nam 2007,nutrition_chunks_final_v4\259_5051_tao_tay.md
260,5052,Vải,"Litchi, dried with shells",48.0,100g edible portion,Bảng thành phần thực phẩm Việt Nam 2007,nutrition_chunks_final_v4\260_5052_vai.md
261,5053,Vải khô,,44.0,100g edible portion,Bảng thành phần thực phẩm Việt Nam 2007,nutrition_chunks_final_v4\261_5053_vai_kho.md
262,5054,Vú sữa,"Mango, common; India mango, ripe",22.0,100g edible portion,Bảng thành phần thực phẩm Việt Nam 2007,nutrition_chunks_final_v4\262_5054_vu_sua.md
263,5055,Xoài chín,,20.0,100g edible portion,Bảng thành phần thực phẩm Việt Nam 2007,nutrition_chunks_final_v4\263_5055_xoai_chin.md
264,5056,Quả kiwi,Kiwi fruit,14.0,100g edible portion,Bảng thành phần thực phẩm Việt Nam 2007,nutrition_chunks_final_v4\264_5056_qua_kiwi.md
265,6001,Bơ,,0.0,100g edible portion,Bảng thành phần thực phẩm Việt Nam 2007,nutrition_chunks_final_v4\265_6001_bo.md
266,6002,"Dầu thảo mộc (Lạc, vừng, cám...)",,0.0,100g edible portion,Bảng thành phần thực phẩm Việt Nam 2007,nutrition_chunks_final_v4\266_6002_dau_thao_moc_lac_vung_cam.md
267,6003,Mỡ lợn muối,,0.0,100g edible portion,Bảng thành phần thực phẩm Việt Nam 2007,nutrition_chunks_final_v4\267_6003_mo_lon_muoi.md
268,1321,713,"Lard, liquid",0.0,100g edible portion,Bảng thành phần thực phẩm Việt Nam 2007,nutrition_chunks_final_v4\268_1321_713.md
269,6005,Bơ thực vật,,0.0,100g edible portion,Bảng thành phần thực phẩm Việt Nam 2007,nutrition_chunks_final_v4\269_6005_bo_thuc_vat.md
270,6006,Dầu bông,,0.0,100g edible portion,Bảng thành phần thực phẩm Việt Nam 2007,nutrition_chunks_final_v4\270_6006_dau_bong.md
271,6007,Dầu cám gạo,Rice bran oil,0.0,100g edible portion,Bảng thành phần thực phẩm Việt Nam 2007,nutrition_chunks_final_v4\271_6007_dau_cam_gao.md
272,6008,Dầu cọ,Palm oil,0.0,100g edible portion,Bảng thành phần thực phẩm Việt Nam 2007,nutrition_chunks_final_v4\272_6008_dau_co.md
273,1243,568,,0.0,100g edible portion,Bảng thành phần thực phẩm Việt Nam 2007,nutrition_chunks_final_v4\273_1243_568.md
274,1346,611,"Peanut oil, salad or cooking",0.0,100g edible portion,Bảng thành phần thực phẩm Việt Nam 2007,nutrition_chunks_final_v4\274_1346_611.md
275,6011,Dầu lạc,,0.0,100g edible portion,Bảng thành phần thực phẩm Việt Nam 2007,nutrition_chunks_final_v4\275_6011_dau_lac.md
276,6012,Dầu mè,"Sesame oil, salad or cooking",0.0,100g edible portion,Bảng thành phần thực phẩm Việt Nam 2007,nutrition_chunks_final_v4\276_6012_dau_me.md
277,6013,Dầu ngô,"Olive oil, salad or cooking",0.0,100g edible portion,Bảng thành phần thực phẩm Việt Nam 2007,nutrition_chunks_final_v4\277_6013_dau_ngo.md
278,6014,Dầu oliu,NHểM 7 – THỊT VÀ SẢN PHẨM CHẾ BIẾN GROUP 7 - MEAT AND MEAT PRODUCTS,0.0,100g edible portion,Bảng thành phần thực phẩm Việt Nam 2007,nutrition_chunks_final_v4\278_6014_dau_oliu.md
279,7001,Thịt bê mỡ,,2.0,100g edible portion,Bảng thành phần thực phẩm Việt Nam 2007,nutrition_chunks_final_v4\279_7001_thit_be_mo.md
280,1548,602,"Veal meat, lean only",2.0,100g edible portion,Bảng thành phần thực phẩm Việt Nam 2007,nutrition_chunks_final_v4\280_1548_602.md
281,7003,Thịt bò loại I,"Beef, grade II",2.0,100g edible portion,Bảng thành phần thực phẩm Việt Nam 2007,nutrition_chunks_final_v4\281_7003_thit_bo_loai_i.md
282,7004,Thịt bò loại II,"Beef, top loin, seperable lean only, trimmed to 1/8"" fat, prime, raw",2.0,100g edible portion,Bảng thành phần thực phẩm Việt Nam 2007,nutrition_chunks_final_v4\282_7004_thit_bo_loai_ii.md
283,7005,"Thịt bò, lưng, nạc","Beef, top loin, seperable lean only, trimmed to 1/4"" fat, prime, raw",2.0,100g edible portion,Bảng thành phần thực phẩm Việt Nam 2007,nutrition_chunks_final_v4\283_7005_thit_bo_lung_nac.md
284,7006,"Thịt bò, lưng, nạc và mỡ",Pigeon young bird flesh skin and giblets,2.0,100g edible portion,Bảng thành phần thực phẩm Việt Nam 2007,nutrition_chunks_final_v4\284_7006_thit_bo_lung_nac_va_mo.md
285,7007,Thịt bồ câu ra ràng,,60.0,100g edible portion,Bảng thành phần thực phẩm Việt Nam 2007,nutrition_chunks_final_v4\285_7007_thit_bo_cau_ra_rang.md
286,7008,Thịt chó sấn,,2.0,100g edible portion,Bảng thành phần thực phẩm Việt Nam 2007,nutrition_chunks_final_v4\286_7008_thit_cho_san.md
287,7009,Thịt chó vai,,2.0,100g edible portion,Bảng thành phần thực phẩm Việt Nam 2007,nutrition_chunks_final_v4\287_7009_thit_cho_vai.md
288,7010,"Thịt cừu, nạc","Mutton meat, lean",2.0,100g edible portion,Bảng thành phần thực phẩm Việt Nam 2007,nutrition_chunks_final_v4\288_7010_thit_cuu_nac.md
289,7011,"Thịt dê, nạc","Goat, meat, lean",2.0,100g edible portion,Bảng thành phần thực phẩm Việt Nam 2007,nutrition_chunks_final_v4\289_7011_thit_de_nac.md
290,7012,Thịt gà rừng,"Chicken meat, average",58.0,100g edible portion,Bảng thành phần thực phẩm Việt Nam 2007,nutrition_chunks_final_v4\290_7012_thit_ga_rung.md
291,7013,Thịt gà ta,Turkey raw flesh and skin giblets,52.0,100g edible portion,Bảng thành phần thực phẩm Việt Nam 2007,nutrition_chunks_final_v4\291_7013_thit_ga_ta.md
292,7014,Thịt gà tây,,53.0,100g edible portion,Bảng thành phần thực phẩm Việt Nam 2007,nutrition_chunks_final_v4\292_7014_thit_ga_tay.md
293,7015,Thịt hươu,,2.0,100g edible portion,Bảng thành phần thực phẩm Việt Nam 2007,nutrition_chunks_final_v4\293_7015_thit_huou.md
294,7016,Thịt lợn mỡ,"Pork, lean and fat",2.0,100g edible portion,Bảng thành phần thực phẩm Việt Nam 2007,nutrition_chunks_final_v4\294_7016_thit_lon_mo.md
295,7017,Thịt lợn nạc,"Pork, medium fat",2.0,100g edible portion,Bảng thành phần thực phẩm Việt Nam 2007,nutrition_chunks_final_v4\295_7017_thit_lon_nac.md
296,7018,"Thịt lợn nửa nạc, nửa mỡ",Thịt ngỗng Goose,2.0,100g edible portion,Bảng thành phần thực phẩm Việt Nam 2007,nutrition_chunks_final_v4\296_7018_thit_lon_nua_nac_nua_mo.md
297,7019,Thịt ngỗng,,52.0,100g edible portion,Bảng thành phần thực phẩm Việt Nam 2007,nutrition_chunks_final_v4\297_7019_thit_ngong.md
298,1492,736,,2.0,100g edible portion,Bảng thành phần thực phẩm Việt Nam 2007,nutrition_chunks_final_v4\298_1492_736.md
299,7021,Thịt thỏ nhà,"Rabbit meat, raw",45.0,100g edible portion,Bảng thành phần thực phẩm Việt Nam 2007,nutrition_chunks_final_v4\299_7021_thit_tho_nha.md
300,7022,Thịt thỏ rừng,"Buffalo meat, average",45.0,100g edible portion,Bảng thành phần thực phẩm Việt Nam 2007,nutrition_chunks_final_v4\300_7022_thit_tho_rung.md
301,7023,Thịt trâu,,0.0,100g edible portion,Bảng thành phần thực phẩm Việt Nam 2007,nutrition_chunks_final_v4\301_7023_thit_trau.md
302,7024,Thịt trâu bắp,"Buffalo meat, neck",2.0,100g edible portion,Bảng thành phần thực phẩm Việt Nam 2007,nutrition_chunks_final_v4\302_7024_thit_trau_bap.md
303,7025,Thịt trâu cổ,"Buffalo meat, leg",2.0,100g edible portion,Bảng thành phần thực phẩm Việt Nam 2007,nutrition_chunks_final_v4\303_7025_thit_trau_co.md
304,7026,Thịt trâu đùi,"Buffalo meat, lean (loin)",2.0,100g edible portion,Bảng thành phần thực phẩm Việt Nam 2007,nutrition_chunks_final_v4\304_7026_thit_trau_dui.md
305,7027,Thịt trâu thăn,,2.0,100g edible portion,Bảng thành phần thực phẩm Việt Nam 2007,nutrition_chunks_final_v4\305_7027_thit_trau_than.md
306,7028,Thịt vịt,"Duck meat, average",55.0,100g edible portion,Bảng thành phần thực phẩm Việt Nam 2007,nutrition_chunks_final_v4\306_7028_thit_vit.md
307,7029,Bầu dục bò,,7.0,100g edible portion,Bảng thành phần thực phẩm Việt Nam 2007,nutrition_chunks_final_v4\307_7029_bau_duc_bo.md
308,7030,Bầu dục lợn,Bì lợn Pork skin,2.0,100g edible portion,Bảng thành phần thực phẩm Việt Nam 2007,nutrition_chunks_final_v4\308_7030_bau_duc_lon.md
309,7031,Bì lợn,,10.0,100g edible portion,Bảng thành phần thực phẩm Việt Nam 2007,nutrition_chunks_final_v4\309_7031_bi_lon.md
310,7032,Chân giò lợn (bỏ xương),"Pork, leg",38.0,100g edible portion,Bảng thành phần thực phẩm Việt Nam 2007,nutrition_chunks_final_v4\310_7032_chan_gio_lon_bo_xuong.md
311,7033,Dạ dày bò,,5.0,100g edible portion,Bảng thành phần thực phẩm Việt Nam 2007,nutrition_chunks_final_v4\311_7033_da_day_bo.md
312,7034,Dạ dày lợn,"Head beef (without tongue, brain, ears).",2.0,100g edible portion,Bảng thành phần thực phẩm Việt Nam 2007,nutrition_chunks_final_v4\312_7034_da_day_lon.md
313,7035,Đầu bò,,68.0,100g edible portion,Bảng thành phần thực phẩm Việt Nam 2007,nutrition_chunks_final_v4\313_7035_dau_bo.md
314,7036,Đầu lợn,,68.0,100g edible portion,Bảng thành phần thực phẩm Việt Nam 2007,nutrition_chunks_final_v4\314_7036_dau_lon.md
315,7037,Đuôi bò,,46.0,100g edible portion,Bảng thành phần thực phẩm Việt Nam 2007,nutrition_chunks_final_v4\315_7037_duoi_bo.md
316,7038,Đuôi lợn,,30.0,100g edible portion,Bảng thành phần thực phẩm Việt Nam 2007,nutrition_chunks_final_v4\316_7038_duoi_lon.md
317,7039,Gan bò,,0.0,100g edible portion,Bảng thành phần thực phẩm Việt Nam 2007,nutrition_chunks_final_v4\317_7039_gan_bo.md
318,7040,Gan gà,,0.0,100g edible portion,Bảng thành phần thực phẩm Việt Nam 2007,nutrition_chunks_final_v4\318_7040_gan_ga.md
319,7041,Gan lợn,Gan lợn Pork liver,0.0,100g edible portion,Bảng thành phần thực phẩm Việt Nam 2007,nutrition_chunks_final_v4\319_7041_gan_lon.md
320,7042,Gan vịt,,0.0,100g edible portion,Bảng thành phần thực phẩm Việt Nam 2007,nutrition_chunks_final_v4\320_7042_gan_vit.md
321,7043,Gân chân bò,,0.0,100g edible portion,Bảng thành phần thực phẩm Việt Nam 2007,nutrition_chunks_final_v4\321_7043_gan_chan_bo.md
322,7044,Lưỡi bò,,8.0,100g edible portion,Bảng thành phần thực phẩm Việt Nam 2007,nutrition_chunks_final_v4\322_7044_luoi_bo.md
323,7045,Lưỡi lợn,,3.0,100g edible portion,Bảng thành phần thực phẩm Việt Nam 2007,nutrition_chunks_final_v4\323_7045_luoi_lon.md
324,7046,Lòng lợn (ruột già),Hog intestine small raw without fat,2.0,100g edible portion,Bảng thành phần thực phẩm Việt Nam 2007,nutrition_chunks_final_v4\324_7046_long_lon_ruot_gia.md
325,7047,Lòng lợn (ruột non),,2.0,100g edible portion,Bảng thành phần thực phẩm Việt Nam 2007,nutrition_chunks_final_v4\325_7047_long_lon_ruot_non.md
326,1278,675,,4.0,100g edible portion,Bảng thành phần thực phẩm Việt Nam 2007,nutrition_chunks_final_v4\326_1278_675.md
327,7049,ểc bò,,8.0,100g edible portion,Bảng thành phần thực phẩm Việt Nam 2007,nutrition_chunks_final_v4\327_7049_ec_bo.md
328,7050,ểc lợn,,8.0,100g edible portion,Bảng thành phần thực phẩm Việt Nam 2007,nutrition_chunks_final_v4\328_7050_ec_lon.md
329,7051,Phổi bò,,8.0,100g edible portion,Bảng thành phần thực phẩm Việt Nam 2007,nutrition_chunks_final_v4\329_7051_phoi_bo.md
330,7052,Phổi lợn,"Hog lung, raw",8.0,100g edible portion,Bảng thành phần thực phẩm Việt Nam 2007,nutrition_chunks_final_v4\330_7052_phoi_lon.md
331,7053,Sườn lợn (bỏ xương),"Pork, ribs",57.0,100g edible portion,Bảng thành phần thực phẩm Việt Nam 2007,nutrition_chunks_final_v4\331_7053_suon_lon_bo_xuong.md
332,7054,Tai lợn,,4.0,100g edible portion,Bảng thành phần thực phẩm Việt Nam 2007,nutrition_chunks_final_v4\332_7054_tai_lon.md
333,7055,Tim bò,,8.0,100g edible portion,Bảng thành phần thực phẩm Việt Nam 2007,nutrition_chunks_final_v4\333_7055_tim_bo.md
334,7056,Tim gà,,0.0,100g edible portion,Bảng thành phần thực phẩm Việt Nam 2007,nutrition_chunks_final_v4\334_7056_tim_ga.md
335,7057,Tim lợn,,6.0,100g edible portion,Bảng thành phần thực phẩm Việt Nam 2007,nutrition_chunks_final_v4\335_7057_tim_lon.md
336,7058,Tiết bò,"Hog blood, boiled",0.0,100g edible portion,Bảng thành phần thực phẩm Việt Nam 2007,nutrition_chunks_final_v4\336_7058_tiet_bo.md
337,7059,Tiết lợn luộc,,0.0,100g edible portion,Bảng thành phần thực phẩm Việt Nam 2007,nutrition_chunks_final_v4\337_7059_tiet_lon_luoc.md
338,1295,960,Beef bone marrow,0.0,100g edible portion,Bảng thành phần thực phẩm Việt Nam 2007,nutrition_chunks_final_v4\338_1295_960.md
339,7061,Tủy xương bò,"Hog, bone marrow",0.0,100g edible portion,Bảng thành phần thực phẩm Việt Nam 2007,nutrition_chunks_final_v4\339_7061_tuy_xuong_bo.md
340,7062,Tủy xương lợn,,0.0,100g edible portion,Bảng thành phần thực phẩm Việt Nam 2007,nutrition_chunks_final_v4\340_7062_tuy_xuong_lon.md
341,7063,Ba tê,,0.0,100g edible portion,Bảng thành phần thực phẩm Việt Nam 2007,nutrition_chunks_final_v4\341_7063_ba_te.md
342,7064,Chả lợn,,0.0,100g edible portion,Bảng thành phần thực phẩm Việt Nam 2007,nutrition_chunks_final_v4\342_7064_cha_lon.md
343,7065,Chả quế lợn,"Ham, pork",0.0,100g edible portion,Bảng thành phần thực phẩm Việt Nam 2007,nutrition_chunks_final_v4\343_7065_cha_que_lon.md
344,7066,Dăm bông lợn,Blood mix-pudding with viscera in large intestine,0.0,100g edible portion,Bảng thành phần thực phẩm Việt Nam 2007,nutrition_chunks_final_v4\344_7066_dam_bong_lon.md
345,7067,Dồi lợn,,0.0,100g edible portion,Bảng thành phần thực phẩm Việt Nam 2007,nutrition_chunks_final_v4\345_7067_doi_lon.md
346,7068,Giò bò,"Pork, mince lean meat steamed",0.0,100g edible portion,Bảng thành phần thực phẩm Việt Nam 2007,nutrition_chunks_final_v4\346_7068_gio_bo.md
347,7069,Giò lụa,,0.0,100g edible portion,Bảng thành phần thực phẩm Việt Nam 2007,nutrition_chunks_final_v4\347_7069_gio_lua.md
348,7070,Giò thủ lợn,,0.0,100g edible portion,Bảng thành phần thực phẩm Việt Nam 2007,nutrition_chunks_final_v4\348_7070_gio_thu_lon.md
349,7071,Lạp xường,,0.0,100g edible portion,Bảng thành phần thực phẩm Việt Nam 2007,nutrition_chunks_final_v4\349_7071_lap_xuong.md
350,7072,Nem chạo,"Pork mince, fermented",0.0,100g edible portion,Bảng thành phần thực phẩm Việt Nam 2007,nutrition_chunks_final_v4\350_7072_nem_chao.md
351,7073,Nem chua,,0.0,100g edible portion,Bảng thành phần thực phẩm Việt Nam 2007,nutrition_chunks_final_v4\351_7073_nem_chua.md
352,7074,Ruốc thịt lợn,,0.0,100g edible portion,Bảng thành phần thực phẩm Việt Nam 2007,nutrition_chunks_final_v4\352_7074_ruoc_thit_lon.md
353,7075,Thịt bò khô,"Buffalo meat, dried",0.0,100g edible portion,Bảng thành phần thực phẩm Việt Nam 2007,nutrition_chunks_final_v4\353_7075_thit_bo_kho.md
354,7076,Thịt trâu khô,,0.0,100g edible portion,Bảng thành phần thực phẩm Việt Nam 2007,nutrition_chunks_final_v4\354_7076_thit_trau_kho.md
355,7077,Xúc xích,,2.0,100g edible portion,Bảng thành phần thực phẩm Việt Nam 2007,nutrition_chunks_final_v4\355_7077_xuc_xich.md
356,7078,Bét cãc,Châu chấu Locust,0.0,100g edible portion,Bảng thành phần thực phẩm Việt Nam 2007,nutrition_chunks_final_v4\356_7078_bet_cac.md
357,7079,Châu chấu,,20.0,100g edible portion,Bảng thành phần thực phẩm Việt Nam 2007,nutrition_chunks_final_v4\357_7079_chau_chau.md
358,7080,Ếch (thịt đùi),Frog,0.0,100g edible portion,Bảng thành phần thực phẩm Việt Nam 2007,nutrition_chunks_final_v4\358_7080_ech_thit_dui.md
359,7081,Nhéng,Chicken giblets,2.0,100g edible portion,Bảng thành phần thực phẩm Việt Nam 2007,nutrition_chunks_final_v4\359_7081_nheng.md
360,7082,Lòng gà (cả bộ),"NHểM 8 – THỦY SẢN VÀ SẢN PHẨM CHẾ BIẾN GROUP 8 - FISH, SHELLFISH AND PRODUCTS",0.0,100g edible portion,Bảng thành phần thực phẩm Việt Nam 2007,nutrition_chunks_final_v4\360_7082_long_ga_ca_bo.md
361,8001,Cá bống,Pond fish,45.0,100g edible portion,Bảng thành phần thực phẩm Việt Nam 2007,nutrition_chunks_final_v4\361_8001_ca_bong.md
362,8002,Cá chày,Carp,31.0,100g edible portion,Bảng thành phần thực phẩm Việt Nam 2007,nutrition_chunks_final_v4\362_8002_ca_chay.md
363,8003,Cá chép,,40.0,100g edible portion,Bảng thành phần thực phẩm Việt Nam 2007,nutrition_chunks_final_v4\363_8003_ca_chep.md
364,8004,Cá da,,,100g edible portion,Bảng thành phần thực phẩm Việt Nam 2007,nutrition_chunks_final_v4\364_8004_ca_da.md
365,8005,Cá dầu,"Mullet, harder",10.0,100g edible portion,Bảng thành phần thực phẩm Việt Nam 2007,nutrition_chunks_final_v4\365_8005_ca_dau.md
366,8006,Cá diếc,"Sawfish, wolfherring",45.0,100g edible portion,Bảng thành phần thực phẩm Việt Nam 2007,nutrition_chunks_final_v4\366_8006_ca_diec.md
367,8007,Cá đao,,,100g edible portion,Bảng thành phần thực phẩm Việt Nam 2007,nutrition_chunks_final_v4\367_8007_ca_dao.md
368,8008,Cá đé,"Mullet, gray mullet",,100g edible portion,Bảng thành phần thực phẩm Việt Nam 2007,nutrition_chunks_final_v4\368_8008_ca_de.md
369,8009,Cá đối,Goby,42.0,100g edible portion,Bảng thành phần thực phẩm Việt Nam 2007,nutrition_chunks_final_v4\369_8009_ca_doi.md
370,8010,Cá đồng tiền,Salmon,,100g edible portion,Bảng thành phần thực phẩm Việt Nam 2007,nutrition_chunks_final_v4\370_8010_ca_dong_tien.md
371,8011,Cá hồi,"Dried fish, miscellaneous",40.0,100g edible portion,Bảng thành phần thực phẩm Việt Nam 2007,nutrition_chunks_final_v4\371_8011_ca_hoi.md
372,8012,"Cá khô(chim, thu, nụ, đé)",,15.0,100g edible portion,Bảng thành phần thực phẩm Việt Nam 2007,nutrition_chunks_final_v4\372_8012_ca_kho_chim_thu_nu_de.md
373,8013,Cá lác,"Hypophthalmichthys, chub, dory, tench bream",,100g edible portion,Bảng thành phần thực phẩm Việt Nam 2007,nutrition_chunks_final_v4\373_8013_ca_lac.md
374,8014,Cá mè,Sardin,36.0,100g edible portion,Bảng thành phần thực phẩm Việt Nam 2007,nutrition_chunks_final_v4\374_8014_ca_me.md
375,8015,Cá mòi (cá sardin),,45.0,100g edible portion,Bảng thành phần thực phẩm Việt Nam 2007,nutrition_chunks_final_v4\375_8015_ca_moi_ca_sardin.md
376,8016,Cá mỡ,,0.0,100g edible portion,Bảng thành phần thực phẩm Việt Nam 2007,nutrition_chunks_final_v4\376_8016_ca_mo.md
377,8017,Cá mối,Fish low fat,,100g edible portion,Bảng thành phần thực phẩm Việt Nam 2007,nutrition_chunks_final_v4\377_8017_ca_moi.md
378,8018,Cá nạc,"Flying fish, tuna",39.0,100g edible portion,Bảng thành phần thực phẩm Việt Nam 2007,nutrition_chunks_final_v4\378_8018_ca_nac.md
379,8019,Cá ngừ,,42.0,100g edible portion,Bảng thành phần thực phẩm Việt Nam 2007,nutrition_chunks_final_v4\379_8019_ca_ngu.md
380,8020,Cá nục,"Scad, anchovy",,100g edible portion,Bảng thành phần thực phẩm Việt Nam 2007,nutrition_chunks_final_v4\380_8020_ca_nuc.md
381,8021,Cá phèn,"Fish, snake head",,100g edible portion,Bảng thành phần thực phẩm Việt Nam 2007,nutrition_chunks_final_v4\381_8021_ca_phen.md
382,8022,Cá quả,Anabas,40.0,100g edible portion,Bảng thành phần thực phẩm Việt Nam 2007,nutrition_chunks_final_v4\382_8022_ca_qua.md
383,8023,Cá rô đồng,"Tilapia, African carp",44.0,100g edible portion,Bảng thành phần thực phẩm Việt Nam 2007,nutrition_chunks_final_v4\383_8023_ca_ro_dong.md
384,8024,Cá rô phi,"Flounder, sole, turbot",43.0,100g edible portion,Bảng thành phần thực phẩm Việt Nam 2007,nutrition_chunks_final_v4\384_8024_ca_ro_phi.md
385,8025,Cá thờn bơn,"Mackerel, codfish, kingfish",,100g edible portion,Bảng thành phần thực phẩm Việt Nam 2007,nutrition_chunks_final_v4\385_8025_ca_thon_bon.md
386,8026,Cá thu,,35.0,100g edible portion,Bảng thành phần thực phẩm Việt Nam 2007,nutrition_chunks_final_v4\386_8026_ca_thu.md
387,8027,Cá thu đao,Loach,30.0,100g edible portion,Bảng thành phần thực phẩm Việt Nam 2007,nutrition_chunks_final_v4\387_8027_ca_thu_dao.md
388,8028,Cá trạch,"Carp, amur",26.0,100g edible portion,Bảng thành phần thực phẩm Việt Nam 2007,nutrition_chunks_final_v4\388_8028_ca_trach.md
389,8029,Cá trắm cỏ,"Catfish, silurus, sheatfish, hito",35.0,100g edible portion,Bảng thành phần thực phẩm Việt Nam 2007,nutrition_chunks_final_v4\389_8029_ca_tram_co.md
390,8030,Cá trê,Herring,40.0,100g edible portion,Bảng thành phần thực phẩm Việt Nam 2007,nutrition_chunks_final_v4\390_8030_ca_tre.md
391,8031,Cá trích,"Major carp, mud carp; cirrhina molitorella",35.0,100g edible portion,Bảng thành phần thực phẩm Việt Nam 2007,nutrition_chunks_final_v4\391_8031_ca_trich.md
392,8032,Cá trôi,"Crab, sea water",27.6,100g edible portion,Bảng thành phần thực phẩm Việt Nam 2007,nutrition_chunks_final_v4\392_8032_ca_troi.md
393,8033,Cua bể,"Crab, fresh water",40.0,100g edible portion,Bảng thành phần thực phẩm Việt Nam 2007,nutrition_chunks_final_v4\393_8033_cua_be.md
394,8034,Cua đồng,,69.0,100g edible portion,Bảng thành phần thực phẩm Việt Nam 2007,nutrition_chunks_final_v4\394_8034_cua_dong.md
395,8035,Cua ghẹ,Crab,68.0,100g edible portion,Bảng thành phần thực phẩm Việt Nam 2007,nutrition_chunks_final_v4\395_8035_cua_ghe.md
396,8036,Hải sâm,,0.0,100g edible portion,Bảng thành phần thực phẩm Việt Nam 2007,nutrition_chunks_final_v4\396_8036_hai_sam.md
397,8037,Hến,"Eel, silver - pike",82.0,100g edible portion,Bảng thành phần thực phẩm Việt Nam 2007,nutrition_chunks_final_v4\397_8037_hen.md
398,8038,Lươn,,35.0,100g edible portion,Bảng thành phần thực phẩm Việt Nam 2007,nutrition_chunks_final_v4\398_8038_luon.md
399,8039,Mực khô,,4.0,100g edible portion,Bảng thành phần thực phẩm Việt Nam 2007,nutrition_chunks_final_v4\399_8039_muc_kho.md
400,8040,Mực tươi,,22.0,100g edible portion,Bảng thành phần thực phẩm Việt Nam 2007,nutrition_chunks_final_v4\400_8040_muc_tuoi.md
401,8041,Ốc bươu,"Marble snail, edible",67.0,100g edible portion,Bảng thành phần thực phẩm Việt Nam 2007,nutrition_chunks_final_v4\401_8041_oc_buou.md
402,8042,Ốc đá,"Snail large, edible",80.0,100g edible portion,Bảng thành phần thực phẩm Việt Nam 2007,nutrition_chunks_final_v4\402_8042_oc_da.md
403,8043,Ốc nhồi,Helix,79.0,100g edible portion,Bảng thành phần thực phẩm Việt Nam 2007,nutrition_chunks_final_v4\403_8043_oc_nhoi.md
404,8044,Ốc vặn,"Small sea - crab bicled, steamed",70.0,100g edible portion,Bảng thành phần thực phẩm Việt Nam 2007,nutrition_chunks_final_v4\404_8044_oc_van.md
405,8045,"Rạm (muối, đồ)",Small sea - crab,50.0,100g edible portion,Bảng thành phần thực phẩm Việt Nam 2007,nutrition_chunks_final_v4\405_8045_ram_muoi_do.md
406,8046,Rạm tươi,Tylorhynchus sinensis,50.0,100g edible portion,Bảng thành phần thực phẩm Việt Nam 2007,nutrition_chunks_final_v4\406_8046_ram_tuoi.md
407,8047,Rươi,,5.0,100g edible portion,Bảng thành phần thực phẩm Việt Nam 2007,nutrition_chunks_final_v4\407_8047_ruoi.md
408,8048,Sò,Oyster,80.0,100g edible portion,Bảng thành phần thực phẩm Việt Nam 2007,nutrition_chunks_final_v4\408_8048_so.md
409,8049,Tép gạo,,8.0,100g edible portion,Bảng thành phần thực phẩm Việt Nam 2007,nutrition_chunks_final_v4\409_8049_tep_gao.md
410,8050,Tép khô,"Sea shrimp, sea-water shrimp",5.0,100g edible portion,Bảng thành phần thực phẩm Việt Nam 2007,nutrition_chunks_final_v4\410_8050_tep_kho.md
411,8051,Tôm biển,Fresh-water shrimp,54.0,100g edible portion,Bảng thành phần thực phẩm Việt Nam 2007,nutrition_chunks_final_v4\411_8051_tom_bien.md
412,8052,Tôm đồng,"Shrimp, dried",10.0,100g edible portion,Bảng thành phần thực phẩm Việt Nam 2007,nutrition_chunks_final_v4\412_8052_tom_dong.md
413,8053,Tôm khô,,5.0,100g edible portion,Bảng thành phần thực phẩm Việt Nam 2007,nutrition_chunks_final_v4\413_8053_tom_kho.md
414,1013,1141,Manodonta,60.0,100g edible portion,Bảng thành phần thực phẩm Việt Nam 2007,nutrition_chunks_final_v4\414_1013_1141.md
415,1073,1182,,0.0,100g edible portion,Bảng thành phần thực phẩm Việt Nam 2007,nutrition_chunks_final_v4\415_1073_1182.md
416,8056,Bánh phồng tôm sống,Fish flour with bones,0.0,100g edible portion,Bảng thành phần thực phẩm Việt Nam 2007,nutrition_chunks_final_v4\416_8056_banh_phong_tom_song.md
417,8057,Bột cá,"Shredded snake-head fish, salted and dried",0.0,100g edible portion,Bảng thành phần thực phẩm Việt Nam 2007,nutrition_chunks_final_v4\417_8057_bot_ca.md
418,8058,Ruốc cá quả,"Shredded shrimp, salted and dried",0.0,100g edible portion,Bảng thành phần thực phẩm Việt Nam 2007,nutrition_chunks_final_v4\418_8058_ruoc_ca_qua.md
419,8059,Ruốc tôm,NHểM 9 – TRỨNG VÀ SẢN PHẨM CHẾ BIẾN GROUP 9 - EGG AND PRODUCTS,0.0,100g edible portion,Bảng thành phần thực phẩm Việt Nam 2007,nutrition_chunks_final_v4\419_8059_ruoc_tom.md
420,9001,Trứng gà,"Hen egg, yolk",14.0,100g edible portion,Bảng thành phần thực phẩm Việt Nam 2007,nutrition_chunks_final_v4\420_9001_trung_ga.md
421,9002,Lòng đỏ trứng gà,"Hen egg, white",0.0,100g edible portion,Bảng thành phần thực phẩm Việt Nam 2007,nutrition_chunks_final_v4\421_9002_long_do_trung_ga.md
422,9003,Lòng trắng trứng gà,"Duck egg, whole",0.0,100g edible portion,Bảng thành phần thực phẩm Việt Nam 2007,nutrition_chunks_final_v4\422_9003_long_trang_trung_ga.md
423,9004,Trứng vịt,"Duck egg, yolk",12.0,100g edible portion,Bảng thành phần thực phẩm Việt Nam 2007,nutrition_chunks_final_v4\423_9004_trung_vit.md
424,9005,Lòng đỏ trứng vịt,"Duck egg, white",0.0,100g edible portion,Bảng thành phần thực phẩm Việt Nam 2007,nutrition_chunks_final_v4\424_9005_long_do_trung_vit.md
425,9006,Lòng trắng trứng vịt,Quail egg,0.0,100g edible portion,Bảng thành phần thực phẩm Việt Nam 2007,nutrition_chunks_final_v4\425_9006_long_trang_trung_vit.md
426,9007,Trứng chim cút,Trứng cá Fish roe,11.0,100g edible portion,Bảng thành phần thực phẩm Việt Nam 2007,nutrition_chunks_final_v4\426_9007_trung_chim_cut.md
427,9008,Trứng cá,"Fish caviar, black and red, granule",0.0,100g edible portion,Bảng thành phần thực phẩm Việt Nam 2007,nutrition_chunks_final_v4\427_9008_trung_ca.md
428,9009,Trứng cá muối,"Duck egg, embryonated",0.0,100g edible portion,Bảng thành phần thực phẩm Việt Nam 2007,nutrition_chunks_final_v4\428_9009_trung_ca_muoi.md
429,9010,Trứng vịt lộn,Chicken egg powder,12.0,100g edible portion,Bảng thành phần thực phẩm Việt Nam 2007,nutrition_chunks_final_v4\429_9010_trung_vit_lon.md
430,9011,Bột trứng,NHểM 10 – SỮA VÀ SẢN PHẨM CHẾ BIẾN GROUP10 - MILK AND PRODUCTS,0.0,100g edible portion,Bảng thành phần thực phẩm Việt Nam 2007,nutrition_chunks_final_v4\430_9011_bot_trung.md
431,10001,Sữa bò tươi,"Milk goat's, whole",0.0,100g edible portion,Bảng thành phần thực phẩm Việt Nam 2007,nutrition_chunks_final_v4\431_10001_sua_bo_tuoi.md
432,10002,Sữa dê tươi,"Breast milk (Human milk, whole).",0.0,100g edible portion,Bảng thành phần thực phẩm Việt Nam 2007,nutrition_chunks_final_v4\432_10002_sua_de_tuoi.md
433,10003,Sữa mẹ (sữa người),Yogurt (whole milk),0.0,100g edible portion,Bảng thành phần thực phẩm Việt Nam 2007,nutrition_chunks_final_v4\433_10003_sua_me_sua_nguoi.md
434,10004,Sữa chua,"Yogurt, chocolate, nonfat milk",0.0,100g edible portion,Bảng thành phần thực phẩm Việt Nam 2007,nutrition_chunks_final_v4\434_10004_sua_chua.md
435,10005,Sữa chua vớt béo,"Milk powder, whole",0.0,100g edible portion,Bảng thành phần thực phẩm Việt Nam 2007,nutrition_chunks_final_v4\435_10005_sua_chua_vot_beo.md
436,10006,Sữa bột toàn phần,Skimmed milk powder,0.0,100g edible portion,Bảng thành phần thực phẩm Việt Nam 2007,nutrition_chunks_final_v4\436_10006_sua_bot_toan_phan.md
437,10007,Sữa bột tách béo,"Milk condensed, sweetened",0.0,100g edible portion,Bảng thành phần thực phẩm Việt Nam 2007,nutrition_chunks_final_v4\437_10007_sua_bot_tach_beo.md
438,10008,Sữa đặc có đường Việt Nam,Cheese (whole fat),0.0,100g edible portion,Bảng thành phần thực phẩm Việt Nam 2007,nutrition_chunks_final_v4\438_10008_sua_dac_co_duong_viet_nam.md
439,10009,Phó mát,NHểM 11 – ĐỒ HỘP,0.0,100g edible portion,Bảng thành phần thực phẩm Việt Nam 2007,nutrition_chunks_final_v4\439_10009_pho_mat.md
440,11001,Chuối nước đường,Cucumber (canned),0.0,100g edible portion,Bảng thành phần thực phẩm Việt Nam 2007,nutrition_chunks_final_v4\440_11001_chuoi_nuoc_duong.md
441,11002,Dưa chuột hộp,"Pineapple, canned, sweetened",0.0,100g edible portion,Bảng thành phần thực phẩm Việt Nam 2007,nutrition_chunks_final_v4\441_11002_dua_chuot_hop.md
442,11003,Dứa hộp,"Peanut, oil fried",0.0,100g edible portion,Bảng thành phần thực phẩm Việt Nam 2007,nutrition_chunks_final_v4\442_11003_dua_hop.md
443,11004,Lạc chao dầu,,0.0,100g edible portion,Bảng thành phần thực phẩm Việt Nam 2007,nutrition_chunks_final_v4\443_11004_lac_chao_dau.md
444,11005,Mắc coọc nước đường,"Plum, canned, sweetened",0.0,100g edible portion,Bảng thành phần thực phẩm Việt Nam 2007,nutrition_chunks_final_v4\444_11005_mac_cooc_nuoc_duong.md
445,11006,Mận nước đường,,10.0,100g edible portion,Bảng thành phần thực phẩm Việt Nam 2007,nutrition_chunks_final_v4\445_11006_man_nuoc_duong.md
446,11007,Mứt bí ngô,,0.0,100g edible portion,Bảng thành phần thực phẩm Việt Nam 2007,nutrition_chunks_final_v4\446_11007_mut_bi_ngo.md
447,11008,Mứt cam có vỏ,Banana jam,0.0,100g edible portion,Bảng thành phần thực phẩm Việt Nam 2007,nutrition_chunks_final_v4\447_11008_mut_cam_co_vo.md
448,11009,Mứt chuối,Pineapple jam,0.0,100g edible portion,Bảng thành phần thực phẩm Việt Nam 2007,nutrition_chunks_final_v4\448_11009_mut_chuoi.md
449,11010,Mứt dứa,,0.0,100g edible portion,Bảng thành phần thực phẩm Việt Nam 2007,nutrition_chunks_final_v4\449_11010_mut_dua.md
450,11011,Mứt đu đủ,,0.0,100g edible portion,Bảng thành phần thực phẩm Việt Nam 2007,nutrition_chunks_final_v4\450_11011_mut_du_du.md
451,11012,Nhãn nước đường,,0.0,100g edible portion,Bảng thành phần thực phẩm Việt Nam 2007,nutrition_chunks_final_v4\451_11012_nhan_nuoc_duong.md
452,11013,Nước dứa hộp,"Litchi, canned, sweetened",0.0,100g edible portion,Bảng thành phần thực phẩm Việt Nam 2007,nutrition_chunks_final_v4\452_11013_nuoc_dua_hop.md
453,11014,Vải nước đường,"Mackerel, canned",0.0,100g edible portion,Bảng thành phần thực phẩm Việt Nam 2007,nutrition_chunks_final_v4\453_11014_vai_nuoc_duong.md
454,11015,Cá thu hộp,"Herring, canned",0.0,100g edible portion,Bảng thành phần thực phẩm Việt Nam 2007,nutrition_chunks_final_v4\454_11015_ca_thu_hop.md
455,11016,Cá trích hộp,"Beef, canned",0.0,100g edible portion,Bảng thành phần thực phẩm Việt Nam 2007,nutrition_chunks_final_v4\455_11016_ca_trich_hop.md
456,11017,Thịt bò hộp,,0.0,100g edible portion,Bảng thành phần thực phẩm Việt Nam 2007,nutrition_chunks_final_v4\456_11017_thit_bo_hop.md
457,11018,Thịt gà hộp,"Pork, canned",0.0,100g edible portion,Bảng thành phần thực phẩm Việt Nam 2007,nutrition_chunks_final_v4\457_11018_thit_ga_hop.md
458,11019,Thịt lợn hộp,"Pork and beef, minced canned",0.0,100g edible portion,Bảng thành phần thực phẩm Việt Nam 2007,nutrition_chunks_final_v4\458_11019_thit_lon_hop.md
459,11020,"Thịt lợn, thịt bò xay hộp","Duck, stewed meat",0.0,100g edible portion,Bảng thành phần thực phẩm Việt Nam 2007,nutrition_chunks_final_v4\459_11020_thit_lon_thit_bo_xay_hop.md
460,11021,Thịt vịt hầm,"NHểM 12 – ĐỒ NGỌT (ĐƯỜNG, BÁNH, MỨT, KẸO) GROUP 12 - SUGAR, CONFECTIONERY",0.0,100g edible portion,Bảng thành phần thực phẩm Việt Nam 2007,nutrition_chunks_final_v4\460_11021_thit_vit_ham.md
461,12001,Bánh bích cốt,Biscuits,0.0,100g edible portion,Bảng thành phần thực phẩm Việt Nam 2007,nutrition_chunks_final_v4\461_12001_banh_bich_cot.md
462,12002,Bánh bích quy,Sweet meat pie in lumps,0.0,100g edible portion,Bảng thành phần thực phẩm Việt Nam 2007,nutrition_chunks_final_v4\462_12002_banh_bich_quy.md
463,12003,Bánh chả,,0.0,100g edible portion,Bảng thành phần thực phẩm Việt Nam 2007,nutrition_chunks_final_v4\463_12003_banh_cha.md
464,12004,Bánh con cá,Mungbean cake,0.0,100g edible portion,Bảng thành phần thực phẩm Việt Nam 2007,nutrition_chunks_final_v4\464_12004_banh_con_ca.md
465,12005,Bánh đậu xanh,Wafers filled,0.0,100g edible portion,Bảng thành phần thực phẩm Việt Nam 2007,nutrition_chunks_final_v4\465_12005_banh_dau_xanh.md
466,12006,Bánh kem xốp,"Rice cake, plain",0.0,100g edible portion,Bảng thành phần thực phẩm Việt Nam 2007,nutrition_chunks_final_v4\466_12006_banh_kem_xop.md
467,12007,Bánh khảo chay,Cinnamon waffle (roll),0.0,100g edible portion,Bảng thành phần thực phẩm Việt Nam 2007,nutrition_chunks_final_v4\467_12007_banh_khao_chay.md
468,12008,Bánh quế,"Chocolate, filled",0.0,100g edible portion,Bảng thành phần thực phẩm Việt Nam 2007,nutrition_chunks_final_v4\468_12008_banh_que.md
469,12009,Bánh sô cô la,"Chocolate, sweet",0.0,100g edible portion,Bảng thành phần thực phẩm Việt Nam 2007,nutrition_chunks_final_v4\469_12009_banh_so_co_la.md
470,12010,Bánh thỏi sô cô la,Small biscuit,0.0,100g edible portion,Bảng thành phần thực phẩm Việt Nam 2007,nutrition_chunks_final_v4\470_12010_banh_thoi_so_co_la.md
471,12011,Bánh trứng nhện,,0.0,100g edible portion,Bảng thành phần thực phẩm Việt Nam 2007,nutrition_chunks_final_v4\471_12011_banh_trung_nhen.md
472,12012,Bét ca cao,Cocoa powder,0.0,100g edible portion,Bảng thành phần thực phẩm Việt Nam 2007,nutrition_chunks_final_v4\472_12012_bet_ca_cao.md
473,12013,Đường cát,,0.0,100g edible portion,Bảng thành phần thực phẩm Việt Nam 2007,nutrition_chunks_final_v4\473_12013_duong_cat.md
474,12014,Đường kính,"Toffee, sweets",0.0,100g edible portion,Bảng thành phần thực phẩm Việt Nam 2007,nutrition_chunks_final_v4\474_12014_duong_kinh.md
475,12015,Kẹo bơ cứng,,0.0,100g edible portion,Bảng thành phần thực phẩm Việt Nam 2007,nutrition_chunks_final_v4\475_12015_keo_bo_cung.md
476,12016,Kẹo cà phê,"Sweets, caramel with citron, orange aroma",0.0,100g edible portion,Bảng thành phần thực phẩm Việt Nam 2007,nutrition_chunks_final_v4\476_12016_keo_ca_phe.md
477,12017,Kẹo cam chanh,Sweets with coconut aroma,0.0,100g edible portion,Bảng thành phần thực phẩm Việt Nam 2007,nutrition_chunks_final_v4\477_12017_keo_cam_chanh.md
478,12018,Kẹo dừa mềm,,0.0,100g edible portion,Bảng thành phần thực phẩm Việt Nam 2007,nutrition_chunks_final_v4\478_12018_keo_dua_mem.md
479,12019,Kẹo dứa mềm,Peanut candy,0.0,100g edible portion,Bảng thành phần thực phẩm Việt Nam 2007,nutrition_chunks_final_v4\479_12019_keo_dua_mem.md
480,12020,Kẹo lạc,,0.0,100g edible portion,Bảng thành phần thực phẩm Việt Nam 2007,nutrition_chunks_final_v4\480_12020_keo_lac.md
481,12021,Kẹo Pastille (kẹo ngậm bạc hà),Sweets with chocolate,0.0,100g edible portion,Bảng thành phần thực phẩm Việt Nam 2007,nutrition_chunks_final_v4\481_12021_keo_pastille_keo_ngam_bac_ha.md
482,12022,Kẹo sô cô la,Sweets with milk,0.0,100g edible portion,Bảng thành phần thực phẩm Việt Nam 2007,nutrition_chunks_final_v4\482_12022_keo_so_co_la.md
483,12023,Kẹo sữa,Sesame candy,0.0,100g edible portion,Bảng thành phần thực phẩm Việt Nam 2007,nutrition_chunks_final_v4\483_12023_keo_sua.md
484,12024,Kẹo vừng viên,Mạch nha Malt,0.0,100g edible portion,Bảng thành phần thực phẩm Việt Nam 2007,nutrition_chunks_final_v4\484_12024_keo_vung_vien.md
485,12025,Mạch nha,Honey,0.0,100g edible portion,Bảng thành phần thực phẩm Việt Nam 2007,nutrition_chunks_final_v4\485_12025_mach_nha.md
486,12026,Mật ong,Peanut sugar (Jam),0.0,100g edible portion,Bảng thành phần thực phẩm Việt Nam 2007,nutrition_chunks_final_v4\486_12026_mat_ong.md
487,12027,Mứt lạc,"NHểM 13 – GIA VỊ, NƯỚC CHẤM",0.0,100g edible portion,Bảng thành phần thực phẩm Việt Nam 2007,nutrition_chunks_final_v4\487_12027_mut_lac.md
488,13001,Cary bét,"Ginger root, dried powder",0.0,100g edible portion,Bảng thành phần thực phẩm Việt Nam 2007,nutrition_chunks_final_v4\488_13001_cary_bet.md
489,13002,Gừng khô (bột),"Ginger root, fresh",0.0,100g edible portion,Bảng thành phần thực phẩm Việt Nam 2007,nutrition_chunks_final_v4\489_13002_gung_kho_bot.md
490,13003,Gừng tươi,"Peppercorn, seeds",10.0,100g edible portion,Bảng thành phần thực phẩm Việt Nam 2007,nutrition_chunks_final_v4\490_13003_gung_tuoi.md
491,13004,Hạt tiêu,,0.0,100g edible portion,Bảng thành phần thực phẩm Việt Nam 2007,nutrition_chunks_final_v4\491_13004_hat_tieu.md
492,13005,Muèi,Table salt,0.0,100g edible portion,Bảng thành phần thực phẩm Việt Nam 2007,nutrition_chunks_final_v4\492_13005_muei.md
493,13006,"Nghệ khô, bột","Turmeric, rhizome, fresh",0.0,100g edible portion,Bảng thành phần thực phẩm Việt Nam 2007,nutrition_chunks_final_v4\493_13006_nghe_kho_bot.md
494,13007,Nghệ tươi,,10.0,100g edible portion,Bảng thành phần thực phẩm Việt Nam 2007,nutrition_chunks_final_v4\494_13007_nghe_tuoi.md
495,13008,Ớt khô bột,,0.0,100g edible portion,Bảng thành phần thực phẩm Việt Nam 2007,nutrition_chunks_final_v4\495_13008_ot_kho_bot.md
496,13009,Riềng,Soybean sauce,10.0,100g edible portion,Bảng thành phần thực phẩm Việt Nam 2007,nutrition_chunks_final_v4\496_13009_rieng.md
497,13010,Magi,,0.0,100g edible portion,Bảng thành phần thực phẩm Việt Nam 2007,nutrition_chunks_final_v4\497_13010_magi.md
498,13011,Mắm tôm đặc,"Shrimp sauce, diluted",0.0,100g edible portion,Bảng thành phần thực phẩm Việt Nam 2007,nutrition_chunks_final_v4\498_13011_mam_tom_dac.md
499,13012,Mắm tôm loãng,,0.0,100g edible portion,Bảng thành phần thực phẩm Việt Nam 2007,nutrition_chunks_final_v4\499_13012_mam_tom_loang.md
500,13013,Mắm tép chua,Fish - sauce (super quality).,0.0,100g edible portion,Bảng thành phần thực phẩm Việt Nam 2007,nutrition_chunks_final_v4\500_13013_mam_tep_chua.md
501,13014,Nước mắm cá (loại đặc biệt),,0.0,100g edible portion,Bảng thành phần thực phẩm Việt Nam 2007,nutrition_chunks_final_v4\501_13014_nuoc_mam_ca_loai_dac_biet.md
502,13015,Nước mắm loại I,,0.0,100g edible portion,Bảng thành phần thực phẩm Việt Nam 2007,nutrition_chunks_final_v4\502_13015_nuoc_mam_loai_i.md
503,13016,Nước mắm loại II,"Fish sauce, ready-to-serve",0.0,100g edible portion,Bảng thành phần thực phẩm Việt Nam 2007,nutrition_chunks_final_v4\503_13016_nuoc_mam_loai_ii.md
504,13017,Nước mắm cá,"Fish sauce, concentrated",0.0,100g edible portion,Bảng thành phần thực phẩm Việt Nam 2007,nutrition_chunks_final_v4\504_13017_nuoc_mam_ca.md
505,13018,Nước mắm cô,Soybean sauce with rice and maize,0.0,100g edible portion,Bảng thành phần thực phẩm Việt Nam 2007,nutrition_chunks_final_v4\505_13018_nuoc_mam_co.md
506,13019,Tương ngô,Soybean sauce with glutinous rice,0.0,100g edible portion,Bảng thành phần thực phẩm Việt Nam 2007,nutrition_chunks_final_v4\506_13019_tuong_ngo.md
507,13020,Tương nếp,Red pepper sauce concentrate,0.0,100g edible portion,Bảng thành phần thực phẩm Việt Nam 2007,nutrition_chunks_final_v4\507_13020_tuong_nep.md
508,13021,Tương ớt,Soybean sauce,0.0,100g edible portion,Bảng thành phần thực phẩm Việt Nam 2007,nutrition_chunks_final_v4\508_13021_tuong_ot.md
509,13022,Xì dầu,Mayonnaise,0.0,100g edible portion,Bảng thành phần thực phẩm Việt Nam 2007,nutrition_chunks_final_v4\509_13022_xi_dau.md
510,13023,Sèt mayonnaise,"NHểM 14 – NƯỚC GIẢI KHÁT, BIA, RƯỢU GROUP 14 - BEVERAGE AND LIQUOR",0.0,100g edible portion,Bảng thành phần thực phẩm Việt Nam 2007,nutrition_chunks_final_v4\510_13023_set_mayonnaise.md
511,14001,"Bia (cồn: 4,5 g)",Cognac,0.0,100g edible portion,Bảng thành phần thực phẩm Việt Nam 2007,nutrition_chunks_final_v4\511_14001_bia_con_4_5_g.md
512,14002,Cô nhắc (cồn 32 g),"Cocktail, vermouth sweet",0.0,100g edible portion,Bảng thành phần thực phẩm Việt Nam 2007,nutrition_chunks_final_v4\512_14002_co_nhac_con_32_g.md
513,14003,Cốc tain (cồn 13 g),Coca Cola,0.0,100g edible portion,Bảng thành phần thực phẩm Việt Nam 2007,nutrition_chunks_final_v4\513_14003_coc_tain_con_13_g.md
514,14004,Coca cola,"Orange juice, fresh",0.0,100g edible portion,Bảng thành phần thực phẩm Việt Nam 2007,nutrition_chunks_final_v4\514_14004_coca_cola.md
515,14005,Nước cam tươi,"Coconut milk, immature",0.0,100g edible portion,Bảng thành phần thực phẩm Việt Nam 2007,nutrition_chunks_final_v4\515_14005_nuoc_cam_tuoi.md
516,14006,Nước dừa non tươi,Tomato juice,0.0,100g edible portion,Bảng thành phần thực phẩm Việt Nam 2007,nutrition_chunks_final_v4\516_14006_nuoc_dua_non_tuoi.md
517,14007,Nước ép cà chua,Mineral water,0.0,100g edible portion,Bảng thành phần thực phẩm Việt Nam 2007,nutrition_chunks_final_v4\517_14007_nuoc_ep_ca_chua.md
518,14008,Nước khoáng,Mandarins juice (fresh),0.0,100g edible portion,Bảng thành phần thực phẩm Việt Nam 2007,nutrition_chunks_final_v4\518_14008_nuoc_khoang.md
519,14009,Nước quít tươi,,0.0,100g edible portion,Bảng thành phần thực phẩm Việt Nam 2007,nutrition_chunks_final_v4\519_14009_nuoc_quit_tuoi.md
520,14010,"Rượu cam, chanh (cồn 24,2 g)",Rice glutinous (Alcohol fermentation rice 80 g water 24 ml),0.0,100g edible portion,Bảng thành phần thực phẩm Việt Nam 2007,nutrition_chunks_final_v4\520_14010_ruou_cam_chanh_con_24_2_g.md
521,14011,Rượu nếp (80g/ 24 ml) (cồn 5 g),Vodka,0.0,100g edible portion,Bảng thành phần thực phẩm Việt Nam 2007,nutrition_chunks_final_v4\521_14011_ruou_nep_80g_24_ml_con_5_g.md
522,14012,Rượu trắng (cồn 39 g),Red wine,0.0,100g edible portion,Bảng thành phần thực phẩm Việt Nam 2007,nutrition_chunks_final_v4\522_14012_ruou_trang_con_39_g.md
523,14013,"Rượu vang đỏ (cồn 9,5 g)",White wine,0.0,100g edible portion,Bảng thành phần thực phẩm Việt Nam 2007,nutrition_chunks_final_v4\523_14013_ruou_vang_do_con_9_5_g.md
524,14014,"Rượu vang trắng (cồn 9,5 g)","White wine, sweet",0.0,100g edible portion,Bảng thành phần thực phẩm Việt Nam 2007,nutrition_chunks_final_v4\524_14014_ruou_vang_trang_con_9_5_g.md
525,14015,Rượu vang trắng ngọt (cồn 10.2 g),Whisky liqueur,0.0,100g edible portion,Bảng thành phần thực phẩm Việt Nam 2007,nutrition_chunks_final_v4\525_14015_ruou_vang_trang_ngot_con_10_2_g.md
526,14016,"Rượu Whisky (cồn 35,2 g)",1. Bảng thành phần dinh dưỡng thực phẩm Việt Nam năm 2000 . Nhà xuất bản Y học.,0.0,100g edible portion,Bảng thành phần thực phẩm Việt Nam 2007,nutrition_chunks_final_v4\526_14016_ruou_whisky_con_35_2_g.md
