stt,code,name_vi,name_en,waste_percent,per,water_g,energy_kcal,energy_kj,protein_g,lipid_g,glucid_g,fiber_g,ash_g,sugar_g,calcium_mg,iron_mg,magnesium_mg,manganese_mg,phosphorus_mg,potassium_mg,sodium_mg,zinc_mg,copper_ug,selenium_ug,vitamin_c_mg,vitamin_b1_mg,vitamin_b2_mg,vitamin_pp_mg,vitamin_b5_mg,vitamin_b6_mg,folate_ug,vitamin_b9_ug,vitamin_b12_ug,vitamin_a_ug,vitamin_d_ug,vitamin_e_mg,vitamin_k_ug,beta_carotene_ug,alpha_carotene_ug,lycopene_ug,lutein_zeaxanthin_ug,cholesterol_mg,purin_mg
1,1001,Gạo nếp cái,"Glutinous rice, milled",0.0,100g edible portion,14.0,344.0,1441.0,8.6,1.5,74.5,0.6,0.8,,32.0,1.2,,1.1,98.0,282.0,3.0,2.2,280.0,,0.0,0.14,0.06,,,,,,,0.0,,,,0.0,0.0,0.0,0.0,0.0,
2,1002,Gạo nếp máy(loại thường),"Under milled, home-pounded rice",0.0,100g edible portion,13.9,346.0,1447.0,8.4,1.6,74.9,0.5,0.7,,16.0,0.11,,1.1,130.0,282.0,3.0,2.2,280.0,15.1,0.0,0.16,0.06,,,0.107,7.0,,,0.0,,,,0.0,0.0,0.0,0.0,0.0,
3,1003,Gạo tẻ giã,,0.0,100g edible portion,14.0,344.0,1439.0,8.1,1.3,75.0,0.7,0.9,,36.0,0.2,,1.5,108.0,202.0,5.0,1.9,360.0,38.8,0.0,0.12,0.04,,,,,,,3.0,,,,0.0,0.0,0.0,0.0,0.0,
4,1004,Gạo tẻ máy,Ordinary polished rice,0.0,100g edible portion,14.0,344.0,1439.0,7.9,1.0,75.9,0.4,0.8,,30.0,0.16,,0.9,104.0,241.0,5.0,1.5,230.0,31.8,0.0,0.1,0.03,,,0.145,9.0,,,3.0,,,,0.0,0.0,0.0,0.0,0.0,
5,1005,Gạo lứt,"Rice, brown or hulled",0.0,100g edible portion,12.4,345.0,1443.0,7.5,2.7,72.8,3.4,1.3,,16.0,0.54,,1.5,246.0,202.0,5.0,1.9,360.0,38.8,0.0,0.34,0.07,,,0.62,20.0,,,0.0,,,,0.0,0.0,0.0,0.0,0.0,
6,1006,Kê,Foxtail millet,2.0,100g edible portion,14.0,331.0,1385.0,7.0,3.0,69.0,3.4,3.6,,22.0,0.72,,1.7,290.0,249.0,7.0,1.5,440.0,2.7,0.0,0.4,0.09,,,0.384,85.0,,,0.0,,,,60.0,,,,0.0,62.0
7,1007,Ngô bắp tươi,,45.0,100g edible portion,52.0,196.0,818.0,4.1,2.3,39.6,1.2,0.8,1.7,4.0,0.28,,0.35,170.0,306.0,3.0,1.4,240.0,4.0,12.0,0.15,0.08,,,0.16,33.0,,,0.5,,,,,,,,0.0,52.0
8,1008,Ngô vàng hạt khô,"Yellow maize, dried seeds",2.0,100g edible portion,14.0,354.0,1482.0,8.6,4.7,69.4,2.0,1.3,0.64,30.0,0.67,,0.49,190.0,287.0,35.0,2.21,314.0,15.5,0.0,0.28,0.11,,,0.622,19.0,,,0.0,,,,97.0,63.0,0.0,1355.0,0.0,
9,1009,Bánh bao,,0.0,100g edible portion,44.0,219.0,916.0,6.1,0.5,47.5,0.5,1.4,,19.0,1.5,,,88.0,,,,,,1.0,0.1,0.04,,,,,,,0.0,,,,0.0,0.0,0.0,0.0,0.0,
10,1010,Bánh đa nem,,0.0,100g edible portion,15.0,333.0,1394.0,4.0,0.2,78.9,0.5,1.4,,20.0,0.3,,,65.0,,,,,,0.0,,,,,,,,,0.0,,,,0.0,0.0,0.0,0.0,0.0,0.0
11,1011,Bánh đúc,,0.0,100g edible portion,86.8,52.0,215.0,0.9,0.3,11.3,0.1,0.6,,50.0,0.4,,,19.0,,,,,,0.0,,,,,,,,,0.0,,,,0.0,0.0,0.0,0.0,0.0,
12,1012,Bánh mỳ,French bread,0.0,100g edible portion,37.2,249.0,1043.0,7.9,0.8,52.6,0.2,1.3,,28.0,2.0,,,164.0,,,,,,0.0,0.1,0.07,,,,,,,0.0,,,,0.0,0.0,0.0,0.0,0.0,
13,1013,Bánh phở,Rice noodles,0.0,100g edible portion,64.3,143.0,599.0,3.2,0.4,31.7,0.0,0.4,,16.0,0.3,,,64.0,15.0,3.0,,,,0.0,0.01,0.01,,,,,,,0.0,,,,0.0,0.0,0.0,0.0,0.0,0.0
14,1014,Bánh quẩy,Wheat fritters twisted fried,0.0,100g edible portion,38.7,292.0,1222.0,8.0,10.8,40.7,0.7,1.1,,0.0,,,,,,,,,,0.0,,,,,,,,,0.0,,,,0.0,0.0,0.0,0.0,0.0,0.0
15,1015,Bỏng ngô,Bột gạo nếp Glutinous rice flour,0.0,100g edible portion,3.0,372.0,1556.0,8.6,1.6,80.8,3.4,2.6,,3.0,0.6,,,47.0,,,,,,0.0,0.02,0.03,,,,,,,0.0,,,,0.0,0.0,0.0,0.0,0.0,
16,1016,Bột gạo nếp,,0.0,100g edible portion,10.0,362.0,1516.0,8.2,1.6,78.8,0.6,0.8,,12.0,0.11,,1.14,148.0,293.0,3.0,2.29,291.0,15.7,0.0,0.1,0.02,,,0.111,7.0,,,0.0,,,,0.0,0.0,0.0,0.0,0.0,
17,1017,Bột gạo tẻ,Rice ordinary flour,0.0,100g edible portion,10.0,359.0,1501.0,6.6,0.4,82.2,0.4,0.4,,24.0,0.39,,1.2,135.0,76.0,0.0,0.8,130.0,15.1,0.0,0.08,0.05,,,0.436,4.0,,,1.0,,,,0.0,0.0,0.0,0.0,0.0,
18,1018,Bột mì,,0.0,100g edible portion,14.0,346.0,1446.0,10.3,1.1,73.6,0.3,0.7,,29.0,0.32,,2.0,132.0,186.0,4.0,2.5,21.0,28.0,0.0,0.18,0.13,,,0.341,44.0,,,1.9,,,,0.0,0.0,0.0,0.0,0.0,14.0
19,1019,Bột ngô vàng,Yellow maize flour,0.0,100g edible portion,12.0,361.0,1511.0,8.3,4.0,73.0,1.5,1.2,,15.0,0.54,,0.46,170.0,315.0,5.0,1.73,230.0,15.4,0.0,0.17,0.08,,,0.37,25.0,,,0.0,,,,97.0,63.0,0.0,1355.0,0.0,
20,1020,Bón,Rice vermicelli,0.0,100g edible portion,72.0,110.0,459.0,1.7,,25.7,0.5,0.1,,12.0,0.2,,,32.0,,,,,,0.0,0.04,0.01,,,,,,,0.0,,,,0.0,0.0,0.0,0.0,0.0,
21,1021,Cèm,Mỳ sợi Wheat noodles,0.0,100g edible portion,25.0,297.0,1242.0,6.1,0.8,66.3,0.6,1.2,,24.0,1.0,,,143.0,,,,,,0.0,,,,,,,,,0.0,,,,0.0,0.0,0.0,0.0,0.0,
22,1022,Mỳ sợi,"Glutinous maize, boiled",0.0,100g edible portion,13.0,349.0,1460.0,11.0,0.9,74.2,0.3,0.6,,34.0,1.5,,,97.0,,,,,,0.0,0.1,0.04,,,,,,,0.0,,,,0.0,0.0,0.0,0.0,0.0,
23,1023,Ngô nếp luộc,NHểM 2 – KHOAI CỦ VÀ SẢN PHẨM CHẾ BIẾN GROUP 2 - STARCHY ROOT AND PRODUCTS,50.0,100g edible portion,59.0,167.0,699.0,3.9,2.2,32.9,1.2,0.8,,18.0,0.8,,,146.0,,,,,,0.0,,,,,,,,,0.0,,,,0.0,0.0,0.0,0.0,0.0,
24,2001,Củ ấu,Củ cái Yam winged,50.0,100g edible portion,69.2,115.0,481.0,3.6,0.5,24.0,1.0,1.7,,9.0,0.7,,,49.0,,,,,,5.0,0.23,0.05,,,,,,,0.0,,,,5.0,,,,0.0,
25,2002,Củ cái,,15.0,100g edible portion,65.5,127.0,532.0,3.1,0.2,28.3,1.8,1.1,,20.0,0.04,,,32.0,397.0,12.0,11.0,,,1.0,,,,,0.293,23.0,,,0.0,,,,83.0,,,,0.0,
26,2003,Củ dong,Bermuda tuber,4.0,100g edible portion,66.5,119.0,499.0,1.4,,28.4,2.4,1.3,,42.0,,,,21.0,,,,,,,,,,,,,,,0.0,,,,0.0,0.0,0.0,0.0,0.0,
27,2004,Củ sắn,,25.0,100g edible portion,60.0,152.0,635.0,1.1,0.2,36.4,1.5,0.8,,25.0,0.07,,,30.0,394.0,2.0,,,,34.0,0.03,0.03,,,0.088,27.0,,,0.0,,,,8.0,0.0,0.0,0.0,0.0,
28,2005,Củ sắn dây,Radix puerariae,10.0,100g edible portion,60.3,119.0,499.0,1.6,0.1,28.0,9.2,0.8,,28.0,0.2,,,45.0,,,,,,,,,,,,,,,0.0,,,,0.0,0.0,0.0,0.0,0.0,
29,2006,Củ súng khô (đã bỏ vỏ),,0.0,100g edible portion,8.6,350.0,1465.0,16.1,0.5,70.3,2.3,2.2,,100.0,0.2,,,720.0,,,,,,,,,,,,,,,0.0,,,,0.0,0.0,0.0,0.0,0.0,
30,2007,Củ từ,,6.0,100g edible portion,75.0,92.0,385.0,1.5,,21.5,1.2,0.8,,28.0,0.2,,,30.0,,,,,,2.0,,,,,,,,,0.0,,,,0.0,0.0,0.0,0.0,0.0,
31,2008,Khoai lang,"Sweet potato, white",17.0,100g edible portion,68.0,119.0,498.0,0.8,0.2,28.5,1.3,1.2,,34.0,0.02,,0.39,49.0,210.0,31.0,0.2,260.0,7.1,23.0,0.05,0.05,,,0.209,11.0,,,0.0,,,,150.0,,,,0.0,
32,2009,Khoai lang nghệ,,13.0,100g edible portion,69.9,116.0,485.0,1.2,0.3,27.1,0.8,0.7,,36.0,0.9,,,56.0,,,,,,30.0,0.12,0.05,,,,,,,0.0,,,,1470.0,,,,0.0,
33,2010,Khoai môn,Khoai nước Water-taro,14.0,100g edible portion,70.8,109.0,454.0,1.5,0.2,25.2,1.2,1.1,,44.0,0.8,,,44.0,,,,,,4.0,0.09,0.03,,,,,,,0.0,,,,,,,,0.0,
34,2011,Khoai nước,,14.0,100g edible portion,72.5,98.0,410.0,1.0,0.1,23.3,2.0,1.1,,52.0,0.2,,,35.0,,,,,,3.0,,,,,,,,,0.0,,,,,,,,0.0,
35,2012,Khoai riềng,Edible canna,19.0,100g edible portion,70.0,104.0,433.0,0.8,,25.1,2.5,1.6,,64.0,1.7,,,107.0,,,,,,,,,,,,,,,0.0,,,,,,,,0.0,
36,2013,Khoai sä,,18.0,100g edible portion,69.0,114.0,477.0,1.8,0.1,26.5,1.2,1.4,,64.0,0.04,,0.38,75.0,448.0,10.0,,,,4.0,0.06,0.03,,,0.283,22.0,,,0.0,,,,35.0,,,,0.0,
37,2014,Khoai tây,"Potato, white",13.0,100g edible portion,75.0,93.0,387.0,2.0,0.1,20.9,1.0,1.0,,10.0,0.03,,0.2,50.0,396.0,7.0,0.3,230.0,0.5,10.0,0.1,0.05,,,0.203,18.0,,,0.47,,,,5.0,0.0,0.0,13.0,0.0,16.0
38,2015,Miến dong,Vermicelli from Bermuda tuber,0.0,100g edible portion,14.5,332.0,1390.0,0.6,0.1,82.2,1.5,1.1,,40.0,1.0,,,120.0,,,,,,,,,,,,,,,0.0,,,,0.0,0.0,0.0,0.0,0.0,
39,2016,Bét dong läc,,0.0,100g edible portion,14.0,341.0,1428.0,0.6,,84.7,0.5,0.2,,37.0,1.7,,,18.0,,,,,,,,,,,,,,,0.0,,,,0.0,0.0,0.0,0.0,0.0,
40,2017,Bét khoai lang,"Canna edulis Ker, flour",0.0,100g edible portion,14.0,334.0,1398.0,2.2,0.5,80.2,1.6,1.5,,50.0,2.0,,,95.0,,,,,,1.5,0.24,0.09,,,,,,,0.0,,,,0.0,0.0,0.0,0.0,0.0,
41,2018,Bột khoai riềng (bột đao),,0.0,100g edible portion,14.0,337.0,1411.0,0.2,,84.1,1.5,0.2,,16.0,,,,17.0,,,,,,,,,,,,,,,0.0,,,,0.0,0.0,0.0,0.0,0.0,
42,2019,Bột khoai tây (lọc),"Potato flour, white",0.0,100g edible portion,13.6,345.0,1441.0,1.0,0.3,84.4,0.4,0.3,,30.0,0.09,,,125.0,,,,,,0.4,0.01,,,,0.769,25.0,,,0.0,,,,0.0,0.0,0.0,0.0,0.0,
43,2020,Bột sắn,,0.0,100g edible portion,14.0,333.0,1391.0,2.4,0.5,79.6,2.2,1.3,,84.0,,,,37.0,,,,,,0.1,0.02,0.03,,,,,,,0.0,,,,0.0,0.0,0.0,0.0,0.0,
44,2021,Bột sắn dây,,0.0,100g edible portion,14.0,340.0,1423.0,0.7,,84.3,0.8,0.2,,18.0,1.5,,,20.0,,,,,,,,,,,,,,,0.0,,,,0.0,0.0,0.0,0.0,0.0,
45,2022,Khoai lang khô,"Sweet potato, dried",5.0,100g edible portion,11.0,333.0,1395.0,2.2,0.5,80.0,3.6,2.7,,95.0,0.05,,1.08,137.0,584.0,86.0,0.56,723.0,19.7,1.7,0.09,0.07,,,0.581,31.0,,,0.0,,,,417.0,,,,0.0,
46,2023,Khoai tây khô,"Potato, white, dried",0.0,100g edible portion,11.0,330.0,1379.0,6.6,0.3,75.1,3.4,3.6,,37.0,0.08,,0.71,180.0,1410.0,25.0,1.07,819.0,1.78,3.2,0.36,0.18,,,0.723,64.0,,,0.0,,,,18.0,0.0,0.0,46.0,0.0,
47,2024,Khoai tây lát chiên,,0.0,100g edible portion,3.0,525.0,2195.0,2.2,35.4,49.3,6.3,3.8,,37.0,2.1,,,130.0,,,,,,1.0,0.15,0.02,,,,,,,0.0,,,,,,,,0.0,
48,2025,Sắn khô,Dried bitter cassava,5.0,100g edible portion,11.0,340.0,1420.0,3.0,0.7,80.3,3.0,2.0,,96.0,7.9,,,81.0,,,,,,0.8,0.06,0.05,,,,,,,0.0,,,,0.0,0.0,0.0,0.0,0.0,
49,2026,Trân châu sắn,"GROUP 3 - PULSES, NUTS, SEEDS AND PRODUCTS",0.0,100g edible portion,14.0,341.0,1428.0,1.0,,84.3,0.6,0.1,,30.0,2.0,,,50.0,,,,,,,0.04,,,,,,,,0.0,,,,0.0,0.0,0.0,0.0,0.0,
50,3001,Cùi dừa già,"Coconut meat, mature, raw",20.0,100g edible portion,47.6,368.0,1540.0,4.8,36.0,6.2,4.2,1.2,,30.0,29.7,,1.3,154.0,555.0,7.0,5.0,50.0,,2.0,0.1,0.01,,,0.054,26.0,,,0.0,,,,0.0,0.0,0.0,0.0,0.0,
51,3002,Cùi dừa non,"Coconut meat, immature, raw",0.0,100g edible portion,87.8,40.0,166.0,3.5,1.7,2.6,3.5,0.9,,4.0,1.0,,,53.0,,,,,,6.0,0.04,0.03,,,,,,,0.0,,,,0.0,0.0,0.0,0.0,0.0,
52,3003,Đậu cô ve (hạt),,10.0,100g edible portion,14.0,321.0,1344.0,21.8,1.6,54.9,3.5,4.2,,96.0,,,,360.0,,,,,,,,,,,,,,,0.0,,,,,,,,0.0,37.0
53,3004,Đậu đen (hạt),"Black bean seeds, dried",2.0,100g edible portion,14.0,325.0,1361.0,24.2,1.7,53.3,4.0,2.8,,56.0,0.37,,,354.0,,,,,,3.0,0.5,0.21,,,0.286,444.0,,,0.0,,,,30.0,,,,0.0,222.0
54,3005,Đậu đũa (hạt),,10.0,100g edible portion,14.0,320.0,1341.0,23.7,2.0,51.9,4.3,4.1,,110.0,0.33,,,382.0,,,,,,1.0,0.59,0.22,,,0.357,633.0,,,0.0,,,,10.0,,,,0.0,
55,3006,Đậu Hà lan (hạt),"Peas garden and field, seeds, dried",0.0,100g edible portion,13.6,318.0,1330.0,22.2,1.4,54.1,6.0,2.7,,57.0,0.16,,,303.0,135.0,9.0,4.0,930.0,0.4,0.0,0.77,0.18,,,0.174,274.0,,,0.0,,,,70.0,,,,0.0,
56,3007,Đậu tương (đậu nành),"Yellow dried soybean seeds, dried",2.0,100g edible portion,14.0,400.0,1674.0,34.0,18.4,24.6,4.5,4.5,,165.0,2.88,,1.2,690.0,1504.0,2.0,3.8,300.0,1.5,4.0,0.54,0.29,,,0.377,375.0,,,60.0,,,,30.0,,,,0.0,
57,3008,Đậu trắng hạt (đậu tây),,2.0,100g edible portion,14.0,327.0,1368.0,23.2,2.1,53.8,3.6,3.3,,160.0,0.12,,,514.0,,,,,,3.0,0.54,0.18,,,0.397,394.0,,,0.0,,,,10.0,,,,0.0,128.0
58,3009,Đậu trứng cuốc,,2.0,100g edible portion,14.0,321.0,1344.0,25.8,2.0,50.0,4.8,3.4,,,,,,,,,,,,,,,,,,,,,0.0,,,,,,,,0.0,
59,3010,Đậu xanh (đậu tắt),"Chestnut, Chinese whole, raw",2.0,100g edible portion,14.0,328.0,1371.0,23.4,2.4,53.1,4.7,2.4,,64.0,0.35,,,377.0,1132.0,6.0,1.1,880.0,,4.0,0.72,0.15,,,0.382,625.0,,,0.7,,,,30.0,,,,0.0,
60,3011,Hạt dẻ to,"Chestnut, Chinese whole, raw",30.0,100g edible portion,9.0,638.0,2669.0,18.0,59.0,8.7,3.5,1.8,,61.0,2.3,,,510.0,,,,,,3.0,0.48,0.13,,,,,,,0.0,,,,10.0,,,,0.0,
61,3012,Hạt dẻ tươi,"Hạt dẻ khô Chestnut, dried",18.0,100g edible portion,44.0,223.0,933.0,4.2,1.1,49.1,,1.7,,18.0,0.16,,1.6,96.0,447.0,3.0,0.87,363.0,,36.0,0.16,0.18,,,0.41,68.0,,,1.3,,,,,,,,0.0,
62,3013,Hạt dẻ khô,Hạt đen Black seed,20.0,100g edible portion,8.9,363.0,1517.0,6.8,1.8,79.8,,2.7,,29.0,0.27,,2.6,155.0,726.0,5.0,1.41,590.0,,59.0,0.26,0.29,,,0.666,110.0,,,0.0,,,,,,,,0.0,
63,3014,Hạt đen,,50.0,100g edible portion,12.0,472.0,1976.0,17.3,29.0,35.5,3.5,2.7,,84.0,,,,255.0,,,,,,,,,,,,,,,0.0,,,,,,,,0.0,
64,3015,Hạt điều,"Cashew nut, common",0.0,100g edible portion,3.4,605.0,2532.0,18.4,46.3,28.7,0.6,2.6,5.91,28.0,7.78,,1.66,462.0,660.0,12.0,5.78,2195.0,19.9,1.0,0.25,0.34,,,0.417,25.0,,,0.0,,,,5.0,,,,0.0,
65,3016,Hạt mít,"Jack fruit, seed, raw",15.0,100g edible portion,58.2,166.0,694.0,0.7,1.1,38.3,,1.7,,46.0,3.4,,,34.0,,,,,,,,,,,,,,,0.0,,,,0.0,0.0,0.0,0.0,0.0,
66,3017,Lạc hạt,Quả cọ tươi Palm fruit fresh,2.0,100g edible portion,7.5,573.0,2395.0,27.5,44.5,15.5,2.5,2.5,,68.0,6.83,,1.6,420.0,421.0,4.0,1.9,420.0,,16.0,0.44,0.12,,,0.348,240.0,,,0.0,,,,10.0,,,,0.0,74.0
67,3018,Quả cọ tươi,,40.0,100g edible portion,67.1,178.0,746.0,2.3,13.4,12.1,3.5,1.6,,38.0,0.2,,,34.0,,,,,,,,,,,,,,,0.0,,,,,,,,0.0,
68,3019,Quả đại hái tươi,"Sesame oriental seeds, whole, dried black or white",90.0,100g edible portion,35.0,427.0,1786.0,20.0,38.0,1.2,3.4,2.4,,66.0,3.1,,,440.0,,,,,,,,,,,,,,,0.0,,,,,,,,0.0,
69,3020,"Vừng (đen, trắng)",,5.0,100g edible portion,7.6,568.0,2378.0,20.1,46.4,17.6,3.5,4.8,0.3,975.0,6.96,,2.46,629.0,468.0,11.0,7.75,4082.0,5.7,0.0,0.79,0.25,,,0.79,97.0,,,0.0,,,,15.0,,,,0.0,62.0
70,3021,Bột đậu tương đã loại béo (đậu nành),,0.0,100g edible portion,14.0,321.0,1343.0,49.0,1.0,29.0,2.5,4.5,,247.0,0.14,,3.02,602.0,2384.0,20.0,2.46,4067.0,1.7,0.0,0.7,0.3,,,0.574,305.0,,,0.0,,,,35.0,,,,0.0,
71,3022,Bột đậu tương rang chín,,0.0,100g edible portion,10.0,418.0,1747.0,41.0,18.0,22.9,2.5,5.6,,189.0,3.16,,,540.0,,,,,,2.0,0.4,0.16,,,,,,,0.0,,,,,,,,0.0,
72,3023,Bột đậu xanh,,0.0,100g edible portion,10.0,347.0,1451.0,24.6,2.5,56.5,3.9,2.5,,50.0,0.36,,,100.0,1185.0,6.0,1.15,921.0,,4.0,0.75,0.16,,,0.4,654.0,,,0.73,,,,,,,,0.0,
73,3024,Bột lạc,,0.0,100g edible portion,8.0,575.0,2406.0,27.5,45.0,15.0,2.1,2.4,,80.0,6.25,,1.57,380.0,414.0,4.0,1.87,413.0,,15.3,0.4,0.11,,,0.342,236.0,,,0.0,,,,10.0,,,,0.0,73.0
74,3025,Đậu phụ,,0.0,100g edible portion,82.0,95.0,397.0,10.9,5.4,0.7,0.4,0.6,,24.0,0.69,,0.61,85.0,121.0,7.0,0.8,193.0,8.9,0.0,0.03,0.02,,,0.047,15.0,,,0.0,,,,,,,,0.0,68.0
75,3026,Đậu phụ chúc,"Curd tofu, fried",0.0,100g edible portion,18.5,414.0,1732.0,50.2,20.8,6.5,0.3,3.7,,325.0,10.8,,,225.0,,,,,,,,,,,,,,,0.0,,,,,,,,0.0,
76,3027,Đậu phụ nướng,,0.0,100g edible portion,78.2,114.0,479.0,13.4,6.4,0.8,0.5,0.7,,370.0,4.7,,,167.0,,,,,,0.1,0.04,0.05,,,,,,,0.0,,,,,,,,0.0,
77,3028,Hạt bí đỏ rang,"Water melon seeds whole, fried",19.0,100g edible portion,3.6,519.0,2170.0,35.1,31.8,23.0,2.3,4.2,,235.0,2.2,,,900.0,,,,,,3.0,0.15,0.15,,,,,,,0.0,,,,235.0,,,,0.0,
78,3029,Hạt da đỏ rang (dưa hấu),"Cashew, common, roasted with oil",22.0,100g edible portion,4.8,551.0,2306.0,31.8,39.1,18.0,1.8,4.5,,237.0,8.0,,,751.0,,,,,,2.7,0.03,0.14,,,,,,,0.0,,,,90.0,,,,0.0,
79,3030,"Hạt điều khô, chiên dầu","Milk flour, made from roasted soybeans",0.0,100g edible portion,12.7,583.0,2437.0,18.3,49.3,16.4,0.7,2.6,,32.0,5.5,,,411.0,,,,,,1.4,0.36,0.34,,,,,,,0.0,,,,5.0,,,,0.0,
80,3031,Sữa bột đậu nành,,0.0,100g edible portion,3.5,405.0,1692.0,31.1,9.7,48.2,2.2,5.3,,224.0,7.5,,,320.0,,,,,,2.0,0.4,0.16,,,,,,,0.0,,,,,,,,0.0,
81,3032,Sữa đậu nành (100g đậu/lít),"Tofu in light syrup (Tofu 160g, sirup 65ml)",0.0,100g edible portion,94.4,28.0,119.0,3.1,1.6,0.4,0.1,0.4,,18.0,0.23,,0.22,36.0,124.0,55.0,0.44,141.0,4.8,0.0,0.05,0.02,,,0.096,16.0,,,0.0,,,,,,,,0.0,
82,3033,Tào phớ,"NHểM 4 – RAU, QUẢ, CỦ DÙNG LÀM RAU GROUP 4 - VEGETABLES",0.0,100g edible portion,90.0,37.0,153.0,2.3,0.2,6.4,0.2,0.9,,92.0,0.3,,,150.0,,,,,,,,,,,,,,,0.0,,,,,,,,0.0,
83,4001,Bầu,"Asgourd Waxgoured, Winter melon",35.3,100g edible portion,95.1,14.0,59.0,0.6,0.02,2.9,1.0,0.4,,21.0,0.0,,0.07,25.0,150.0,2.0,0.7,26.0,0.2,12.0,0.02,0.03,,,0.04,6.0,,,0.0,,,,10.0,,,,0.0,
84,4002,Bí đao (bí xanh),,25.0,100g edible portion,95.5,12.0,50.0,0.6,,2.4,1.0,0.5,,26.0,0.3,,,23.0,150.0,13.0,,,,16.0,0.01,0.02,,,,,,,0.0,,,,5.0,,,,0.0,
85,4003,Bí ngô,,18.3,100g edible portion,92.0,27.0,111.0,0.3,0.1,6.1,0.7,0.8,,24.0,0.05,,16.0,16.0,349.0,8.0,0.1,210.0,0.3,8.0,0.06,0.03,,,0.061,16.0,,,0.4,,,,3100.0,515.0,0.0,1500.0,0.0,
86,4004,Cà bát,,5.0,100g edible portion,92.5,23.0,94.0,1.2,0.2,4.0,1.5,0.6,,12.0,0.03,,0.25,16.0,230.0,2.0,0.16,82.0,0.3,3.0,0.03,0.04,,,0.084,22.0,,,0.0,,,,40.0,,,,0.0,
87,4005,Cà chua,,5.0,100g edible portion,94.0,20.0,85.0,0.6,0.2,4.0,0.8,0.4,2.63,12.0,0.05,,0.21,26.0,275.0,12.0,0.74,90.0,0.5,40.0,0.06,0.04,,,0.08,15.0,,,0.0,,,,393.0,112.0,3025.0,130.0,0.0,11.0
88,4006,Cà pháo,Carrots,10.0,100g edible portion,92.5,20.0,85.0,1.5,,3.6,1.6,0.8,,12.0,0.7,,0.2,16.0,221.0,7.0,0.3,90.0,6.7,3.0,0.03,0.04,,,,,,,0.0,,,,20.0,,,,0.0,
89,4007,"Cà rốt (củ đỏ, vàng)",,10.5,100g edible portion,88.5,39.0,164.0,1.5,0.2,7.8,1.2,0.8,4.54,43.0,0.04,,0.23,39.0,266.0,52.0,1.11,150.0,0.1,8.0,0.06,0.06,,,0.138,19.0,,,3.4,,,,8285.0,3477.0,1.0,256.0,0.0,17.0
90,4008,Cà rốt khô,,0.0,100g edible portion,14.0,292.0,1221.0,9.2,1.5,60.4,9.6,5.3,,323.0,5.9,,,292.0,,,,,,,,,,,,,,,0.0,,,,810.0,,,,0.0,
91,4009,Cà tím,,5.0,100g edible portion,92.5,22.0,92.0,1.0,,4.5,1.5,0.5,,15.0,0.4,,,34.0,,,,,,15.0,0.04,0.05,,,,,,,0.0,,,,10.0,,,,0.0,21.0
92,4010,Cải bắp,,10.0,100g edible portion,90.0,29.0,123.0,1.8,0.1,5.3,1.6,1.2,3.58,48.0,0.02,,0.45,31.0,190.0,28.0,0.81,180.0,2.2,30.0,0.06,0.05,,,0.096,43.0,,,1.2,,,,65.0,0.0,0.0,310.0,0.0,22.0
93,4011,Cải bắp đỏ,,22.0,100g edible portion,84.0,45.0,190.0,1.9,0.2,9.0,4.0,0.9,3.91,83.0,0.03,,0.24,42.0,243.0,27.0,0.22,17.0,0.6,60.0,0.07,0.05,,,0.209,18.0,,,0.1,,,,670.0,0.0,20.0,329.0,0.0,32.0
94,4012,Cải bắp khô,,0.0,100g edible portion,16.0,245.0,1026.0,18.0,1.6,39.7,14.0,10.7,,300.0,7.5,,,106.0,,,,,,2.0,0.15,0.52,,,,,,,0.0,,,,,,,,0.0,
95,4013,Cải cúc,,25.0,100g edible portion,93.8,14.0,59.0,1.6,,1.9,2.0,0.7,,63.0,0.8,,0.7,38.0,219.0,33.0,0.67,180.0,0.3,27.0,0.01,0.03,,,0.176,177.0,,,0.0,,,,1115.0,,,,0.0,
96,4014,Cải soong,Watercress,30.0,100g edible portion,93.7,15.0,61.0,2.1,0.1,1.3,2.0,0.8,0.2,69.0,0.03,,0.38,28.0,211.0,85.0,0.8,200.0,0.9,25.0,0.08,0.26,,,0.129,9.0,,,0.0,,,,2820.0,0.0,0.0,5767.0,0.0,28.0
97,4015,Cải thìa (cải trắng),,25.0,100g edible portion,93.2,17.0,71.0,1.4,0.2,2.4,1.8,1.0,1.18,50.0,0.03,,0.5,30.0,200.0,25.0,0.75,90.0,0.5,26.0,0.09,0.07,,,0.194,66.0,,,0.0,,,,2681.0,1.0,0.0,40.0,0.0,
98,4016,Cải xanh,"Mustard greens, India, leaves and stems",24.0,100g edible portion,93.8,16.0,68.0,1.7,0.2,1.9,1.8,0.6,1.6,89.0,0.01,,0.32,14.0,221.0,29.0,0.9,120.0,0.9,51.0,0.07,0.1,,,0.18,187.0,,,0.0,,,,6300.0,0.0,0.0,9900.0,0.0,
99,4017,Cần ta,,20.0,100g edible portion,95.3,10.0,42.0,1.0,,1.5,1.5,0.7,,310.0,3.0,,,64.0,,,,,,6.0,0.04,0.03,,,,,,,0.0,,,,2045.0,,,,0.0,
100,4018,Cần tây,"Banana common varieties, unripe",16.0,100g edible portion,85.0,48.0,201.0,3.7,0.2,7.9,1.5,1.7,1.83,325.0,0.04,,0.2,128.0,326.0,96.0,0.3,90.0,0.4,150.0,0.06,0.07,,,0.074,36.0,,,0.0,,,,150.0,0.0,0.0,232.0,0.0,
101,4019,Chuèi xanh,,32.0,100g edible portion,80.2,74.0,311.0,1.2,0.5,16.4,1.0,0.8,1.95,26.0,0.05,,0.1,27.0,256.0,13.0,0.25,94.0,0.3,31.0,0.05,0.02,,,0.357,29.0,,,0.0,,,,184.0,39.0,0.0,0.0,0.0,
102,4020,Củ cải đỏ,,20.0,100g edible portion,86.0,48.0,203.0,1.3,,10.8,0.9,1.0,,28.0,1.4,,,43.0,,,,,,20.0,0.02,0.05,,,,,,,0.0,,,,16.0,,,,0.0,
103,4021,Củ cải trắng,"Dried radish, white",13.2,100g edible portion,92.1,21.0,89.0,1.5,0.1,3.6,1.5,1.2,2.5,40.0,0.03,,0.05,41.0,242.0,10.0,0.2,150.0,3.9,30.0,0.06,0.06,,,0.046,28.0,,,0.0,,,,0.0,0.0,0.0,0.0,0.0,
104,4022,Củ cải trắng khô,,0.0,100g edible portion,16.0,220.0,918.0,17.6,1.5,33.9,17.7,13.3,,629.0,0.22,,0.54,204.0,3494.0,278.0,2.13,1631.0,0.7,0.0,0.27,0.68,,,0.618,295.0,,,0.0,,,,0.0,0.0,0.0,0.0,0.0,
105,4023,Củ đậu,"Manchurian water-rice, Manchurian Wild rice",15.0,100g edible portion,92.0,28.0,117.0,1.0,,6.0,0.7,0.3,,8.0,,,,16.0,,,,,,6.0,,,,,,,,,0.0,,,,0.0,0.0,0.0,0.0,0.0,
106,4024,Củ niễng,"Horse radish; dish - tree, drumstick leave",13.0,100g edible portion,90.2,30.0,124.0,2.0,,5.4,1.8,0.6,,24.0,1.4,,,92.0,,,,,,2.0,,,,,,,,,0.0,,,,0.0,0.0,0.0,0.0,0.0,
107,4025,Dọc củ cải (non),,4.0,100g edible portion,93.6,14.0,59.0,1.9,,1.6,1.8,1.1,,220.0,0.4,,,57.0,,,,,,72.0,0.06,0.11,,,,,,,0.0,,,,1090.0,,,,0.0,
108,4026,Dọc mùng,,20.0,100g edible portion,96.0,5.0,20.0,0.4,,0.8,2.0,0.8,,0.0,,,,,,,,,,,,,,,,,,,0.0,,,,,,,,0.0,
109,4027,Dưa chuột,,5.0,100g edible portion,95.0,16.0,66.0,0.8,0.1,2.9,0.7,0.5,1.67,23.0,0.03,,0.25,27.0,169.0,13.0,0.18,90.0,0.3,5.0,0.03,0.04,,,0.04,7.0,,,0.4,,,,138.0,0.0,0.0,0.0,0.0,7.0
110,4028,Dưa gang,"Beans, kidney, in pod, French bean; Navy been",5.0,100g edible portion,96.2,11.0,47.0,0.8,,2.0,0.7,0.3,,25.0,0.4,,,37.0,,,,,,4.0,0.04,0.04,,,,,,,0.0,,,,130.0,,,,0.0,
111,4029,Đậu cô ve,"Cow-peas, yard long, Chinese long bean",10.0,100g edible portion,80.0,73.0,306.0,5.0,,13.3,1.0,0.7,,26.0,0.7,,0.5,122.0,254.0,96.0,0.01,90.0,,25.0,0.34,0.19,,,,,,,0.0,,,,180.0,,,,0.0,37.0
112,4030,Đậu đũa,Green peas; field pea; Peas garden,10.0,100g edible portion,83.0,59.0,248.0,6.0,0.4,7.9,2.0,0.7,,47.0,0.11,,0.21,16.0,194.0,5.0,0.37,48.0,1.5,22.0,0.29,0.18,,,0.024,62.0,,,0.0,,,,250.0,,,,0.0,
113,4031,Đậu Hà Lan,"Winged bean goabean, Indies, asparagus pea",10.0,100g edible portion,81.0,72.0,301.0,6.5,0.4,10.6,1.0,0.5,5.67,57.0,0.07,,0.41,43.0,244.0,5.0,1.24,176.0,1.8,27.0,0.4,0.15,,,0.169,65.0,,,3.0,,,,485.0,19.0,,,0.0,
114,4032,Đậu rồng (quả non),,5.0,100g edible portion,89.5,34.0,141.0,1.9,0.1,6.3,1.6,0.6,,63.0,1.3,,,60.0,,,,,,22.0,0.06,0.12,,,,,,,0.0,,,,270.0,,,,0.0,
115,4033,Đu đủ xanh,,25.0,100g edible portion,92.1,22.0,90.0,0.8,,4.6,2.0,0.5,,63.0,0.9,,,50.0,215.0,7.0,,101.0,,40.0,0.02,0.03,,,,,,,0.0,,,,15.0,,,,0.0,
116,4034,Gấc,"Gac fruit, whole",80.0,100g edible portion,77.0,122.0,508.0,2.1,7.9,10.5,1.8,0.7,,56.0,2.05,,,6.0,,,,,,11.0,,,,,,,,,0.0,,,,21756.0,2718.0,49667.0,0.0,0.0,
117,4035,Giá đậu tương,"Mungobean sprouts, Green gram, Tiensin green bean",0.0,100g edible portion,80.8,79.0,331.0,7.7,1.8,8.0,0.7,1.0,,52.0,0.93,,0.7,58.0,484.0,14.0,1.17,427.0,0.6,10.0,0.19,0.15,,,0.176,172.0,,,0.0,,,,25.0,,,,0.0,80.0
118,4036,Giá đậu xanh,,5.0,100g edible portion,86.5,44.0,185.0,5.5,0.2,5.1,2.0,0.7,4.13,38.0,0.05,,0.19,91.0,164.0,23.0,0.41,164.0,0.6,10.0,0.2,0.13,,,0.088,61.0,,,0.0,,,,6.0,6.0,0.0,0.0,0.0,
119,4037,Hành củ tươi,,24.0,100g edible portion,92.5,26.0,110.0,1.3,0.4,4.4,0.7,0.7,,32.0,0.07,,0.14,49.0,212.0,17.0,0.52,70.0,0.6,10.0,0.03,0.04,,,0.072,16.0,,,0.0,,,,15.0,,,,0.0,
120,4038,Hành lá (hành hoa),"Onion, common, garden",20.0,100g edible portion,92.5,22.0,94.0,1.3,,4.3,0.9,1.0,,80.0,1.0,,0.26,41.0,123.0,16.0,0.44,180.0,,60.0,0.03,0.1,,,,,,,0.0,,,,1370.0,,,,0.0,
121,4039,Hành tây,"Lotus seed, raw",17.0,100g edible portion,88.0,41.0,171.0,1.8,0.1,8.2,1.1,0.8,4.28,38.0,0.03,,0.2,58.0,221.0,8.0,1.43,70.0,1.5,10.0,0.03,0.04,,,0.147,19.0,,,0.9,,,,1.0,0.0,0.0,0.0,0.0,13.0
122,4040,Hạt sen tươi,,39.0,100g edible portion,57.9,161.0,672.0,9.5,0.5,29.5,0.8,1.8,,76.0,0.09,,0.62,164.0,367.0,1.0,0.28,94.0,,17.0,0.17,0.09,,,0.168,28.0,,,0.0,,,,10.0,,,,0.0,
123,4041,Hạt sen khô,,0.0,100g edible portion,14.0,334.0,1396.0,20.0,2.4,58.0,2.2,3.4,,89.0,0.33,,2.32,285.0,1368.0,5.0,1.05,350.0,,0.0,0.64,0.15,,,0.629,104.0,,,0.0,,,,30.0,,,,0.0,
124,4042,Hẹ lá,"Onion, fragrant, Chinese leek",13.0,100g edible portion,94.5,18.0,73.0,2.2,0.3,1.5,0.9,0.6,3.9,56.0,0.04,,0.3,45.0,234.0,6.0,0.2,100.0,1.0,19.0,0.03,0.09,,,0.233,64.0,,,1.4,,,,1000.0,0.0,0.0,1900.0,0.0,
125,4043,Hoa chuèi,"Daylily, lemon flowers, Pergularia, raw",29.0,100g edible portion,92.0,20.0,84.0,1.5,,3.5,2.0,1.0,,44.0,0.9,,,32.0,,,,,,5.0,1.04,0.03,,,,,,,0.0,,,,170.0,,,,0.0,
126,4044,Hoa lý,,3.0,100g edible portion,90.5,23.0,95.0,2.9,,2.8,3.0,0.8,,52.0,1.2,,,53.0,,,,,,48.0,0.19,0.13,,,,,,,0.0,,,,585.0,,,,0.0,
127,4045,Khế,,13.0,100g edible portion,93.5,16.0,69.0,0.6,0.3,2.8,2.6,0.2,3.98,10.0,0.02,,0.04,8.0,133.0,2.0,0.12,137.0,0.6,30.0,0.05,0.04,,,0.017,12.0,,,0.0,,,,25.0,24.0,0.0,64.0,0.0,
128,4046,Lá lốt,,0.0,100g edible portion,86.5,39.0,162.0,4.3,,5.4,2.5,1.3,,260.0,4.1,,,980.0,598.0,15.0,,,,34.0,0.0,0.0,,,,,,,0.0,,,,4050.0,,,,0.0,
129,4047,Lá me,,0.0,100g edible portion,86.0,46.0,192.0,7.5,,4.0,,2.5,,319.0,,,,,,,,,,,,,,,,,,,0.0,,,,,,,,0.0,
130,4048,Lá mơ lông,,0.0,100g edible portion,86.1,27.0,114.0,3.9,,2.9,5.1,2.0,,211.0,,,,3.0,,,,,,75.0,,,,,,,,,0.0,,,,330.0,,,,0.0,
131,1025,877,,0.0,100g edible portion,74.8,78.0,328.0,7.0,,12.6,4.3,1.3,,200.0,1.9,,,27.0,,,,,,295.0,0.25,0.66,,,,,,,0.0,,,,8280.0,,,,0.0,
132,4050,Măng chua,,24.0,100g edible portion,92.8,11.0,47.0,1.4,,1.4,4.1,0.3,,18.0,0.9,,,29.0,486.0,9.0,1.1,190.0,,9.0,0.11,0.09,,,,,,,0.0,,,,15.0,,,,0.0,
133,4051,Măng khô,,0.0,100g edible portion,23.0,157.0,656.0,13.0,2.1,21.5,36.0,4.4,,100.0,5.0,,,200.0,,,,,,1.0,0.11,0.14,,,,,,,0.0,,,,20.0,,,,0.0,
134,4052,Măng tây,,50.0,100g edible portion,93.7,14.0,59.0,2.2,0.1,1.1,2.3,0.6,1.88,21.0,0.05,,0.16,6.0,202.0,2.0,0.54,189.0,2.3,10.0,0.16,0.03,,,0.091,52.0,,,0.2,,,,449.0,9.0,0.0,710.0,0.0,23.0
135,4053,Măng tre,,50.0,100g edible portion,92.0,15.0,63.0,1.7,0.3,1.4,4.1,0.5,3.0,22.0,0.07,,0.26,58.0,533.0,4.0,1.1,190.0,0.8,1.0,0.08,0.08,,,0.24,7.0,,,0.0,,,,12.0,,,,0.0,29.0
136,4054,Mướp,"Gourd, sponge gourd",18.8,100g edible portion,95.1,17.0,69.0,0.9,0.2,2.8,0.5,0.5,,28.0,0.02,,0.09,45.0,139.0,3.0,0.07,35.0,0.2,8.0,0.04,0.06,,,0.043,7.0,,,0.0,,,,160.0,,,,0.0,
137,4055,Mướp đắng,,20.0,100g edible portion,94.4,16.0,69.0,0.9,0.2,2.8,1.1,0.6,,18.0,0.6,,0.09,29.0,296.0,5.0,0.8,34.0,0.2,22.0,0.07,0.04,,,0.043,72.0,,,0.0,,,,190.0,185.0,0.0,170.0,0.0,
138,4056,Mướp Nhật bản,,10.0,100g edible portion,95.4,10.0,44.0,0.8,0.0,1.8,1.4,0.6,,30.0,0.3,,,22.0,,,,,,,,,,,,,,,0.0,,,,,,,,0.0,
139,4057,Ngải cứu,"Corn, small variety immature, baby corn",31.0,100g edible portion,89.7,25.0,104.0,3.8,0.0,2.4,2.0,2.1,,136.0,3.1,,,45.0,,,,,,,,,,,,,,,0.0,,,,,,,,0.0,
140,4058,Ngô bao tử,,0.0,100g edible portion,89.2,40.0,168.0,2.2,0.2,7.4,0.4,0.6,,5.0,0.9,,,52.0,,,,,,34.0,0.09,0.2,,,,,,,0.0,,,,,,,,0.0,
141,4059,Ngã sen,,11.0,100g edible portion,82.9,61.0,253.0,1.0,0.1,13.9,1.2,0.9,,19.0,0.03,,0.26,51.0,556.0,40.0,0.39,257.0,0.7,25.0,0.11,0.04,,,0.258,13.0,,,0.0,,,,10.0,,,,0.0,
142,4060,Nụ mướp,"Chili pepper, peppers red",18.0,100g edible portion,90.0,30.0,124.0,4.9,,2.5,1.5,1.1,,140.0,1.2,,,80.0,,,,,,,,,,,,,,,0.0,,,,,,,,0.0,
143,4061,Ớt vàng to,,18.0,100g edible portion,92.2,23.0,95.0,1.0,0.3,4.0,2.0,0.5,4.2,7.0,0.06,,0.11,26.0,211.0,2.0,0.25,17.0,0.1,190.0,0.05,0.09,,,0.291,18.0,,,0.0,,,,1624.0,20.0,308.0,51.0,0.0,
144,4062,Ớt vàng to,,10.0,100g edible portion,91.0,29.0,122.0,1.3,0.2,5.5,1.4,0.6,,86.0,0.03,,1.1,120.0,275.0,15.0,0.32,140.0,0.3,250.0,0.37,0.51,,,0.168,26.0,,,0.0,,,,120.0,,,,0.0,
145,4063,Ớt xanh to,,10.0,100g edible portion,92.0,25.0,104.0,1.3,0.2,4.5,1.5,0.5,2.4,6.0,0.06,,0.12,25.0,175.0,3.0,0.13,66.0,0.0,103.0,0.04,0.05,,,0.224,11.0,,,0.0,,,,198.0,22.0,,,0.0,55.0
146,4064,Quả dọc,"Tamarind fruit, pulp raw",36.0,100g edible portion,95.0,19.0,79.0,0.8,0.0,3.9,,0.3,,21.0,,,,5.0,,,,,,,,,,,,,,,0.0,,,,,,,,0.0,
147,4065,Quả me chua,,15.0,100g edible portion,90.3,27.0,112.0,1.9,,4.8,2.0,1.0,,130.0,0.4,,,46.0,,,,,,12.0,0.15,0.05,,,,,,,0.0,,,,10.0,,,,0.0,
148,4066,Rau bí,,23.4,100g edible portion,93.2,18.0,74.0,2.7,,1.7,1.7,0.7,,100.0,0.21,,0.29,26.0,390.0,17.0,0.45,90.0,0.9,11.0,0.09,0.13,,,0.207,36.0,,,0.0,,,,1940.0,,,,0.0,
149,4067,Rau câu khô,,0.0,100g edible portion,20.0,198.0,828.0,11.2,1.1,35.8,20.8,11.1,2.97,378.0,0.06,,4.3,124.0,1125.0,102.0,5.8,610.0,7.4,0.0,0.01,0.22,,,0.303,580.0,,,0.0,,,,,,,,0.0,
150,4068,Rau câu tươi,,4.0,100g edible portion,86.2,25.0,104.0,1.9,0.1,4.1,5.0,2.7,0.28,85.0,0.01,,0.37,34.0,226.0,9.0,0.58,61.0,0.7,0.0,0.01,0.03,,,0.032,85.0,,,0.0,,,,,,,,0.0,
151,4069,Rau diếp,,10.0,100g edible portion,95.7,14.0,57.0,1.2,0.2,1.8,0.5,0.6,0.78,38.0,0.02,,0.8,37.0,254.0,14.0,0.4,180.0,0.8,30.0,0.3,0.09,,,0.09,38.0,,,0.0,,,,4443.0,0.0,0.0,1730.0,0.0,13.0
152,4070,Rau đay,,20.0,100g edible portion,91.4,25.0,106.0,2.8,0.3,3.0,1.5,1.1,,182.0,0.04,,0.12,57.0,417.0,16.0,0.79,255.0,0.9,77.0,0.13,0.26,,,0.6,123.0,,,0.0,,,,4560.0,,,,0.0,
153,4071,"Rau giấp cá, diếp cá",,0.0,100g edible portion,91.5,22.0,94.0,2.9,,2.7,1.8,1.1,,,,,,,,,,,,68.0,,,,,,,,,0.0,,,,620.0,,,,0.0,
154,4072,Rau giền cơm,"Amaranth, spineless",0.0,100g edible portion,92.0,21.0,87.0,3.4,0.3,1.1,1.6,1.6,,341.0,0.09,,0.89,76.0,611.0,20.0,0.9,162.0,0.9,63.0,0.36,1.3,,,0.192,85.0,,,0.0,,,,5300.0,,,,0.0,
155,4073,Rau giền đỏ,,38.0,100g edible portion,86.2,41.0,170.0,3.3,0.3,6.2,1.6,2.4,,288.0,5.4,,1.85,123.0,476.0,56.0,0.5,200.0,,89.0,0.08,1.16,,,,,,,0.0,,,,4080.0,,,,0.0,
156,4074,Rau giền trắng,"Basil sweet leaves, raw",14.0,100g edible portion,86.7,42.0,174.0,3.2,0.4,6.3,1.5,1.9,,288.0,6.1,,,80.0,,,,,,27.0,0.08,0.28,,,,,,,0.0,,,,2855.0,,,,0.0,
157,4075,Rau hóng,"Sweet potato, leaves",20.0,100g edible portion,91.4,20.0,85.0,2.2,0.6,1.5,3.5,0.8,0.3,202.0,0.04,,1.86,83.0,148.0,91.0,0.91,220.0,0.3,27.0,0.08,0.35,,,0.129,64.0,,,0.0,,,,3142.0,0.0,0.0,5650.0,0.0,
158,4076,Rau khoai lang,Sweet marjoram,5.0,100g edible portion,91.9,23.0,97.0,2.6,0.3,2.5,1.4,1.3,,48.0,0.07,,0.26,54.0,498.0,19.0,0.29,37.0,0.9,11.0,0.13,0.26,,,0.19,80.0,,,0.0,,,,1830.0,,,,0.0,
159,4077,Rau kinh giíi,Wild plant,16.0,100g edible portion,90.3,22.0,92.0,2.7,,2.8,3.6,0.6,,246.0,1.0,,,15.0,211.0,2.0,0.52,250.0,,110.0,,,,,,,,,0.0,,,,4360.0,,,,0.0,
160,4078,Rau má rừng,,0.0,100g edible portion,91.1,25.0,104.0,3.1,,3.1,1.5,1.2,,172.0,0.2,,,24.0,,,,,,20.0,,,,,,,,,0.0,,,,260.0,,,,0.0,
161,4079,"Rau má, má mơ","Malabar night shade, Vinespinach, Ceylon spinach",0.0,100g edible portion,88.2,20.0,84.0,3.2,,1.8,4.5,2.3,,229.0,3.1,,,2.0,,,,,,37.0,0.15,0.14,,,,,,,0.0,,,,1300.0,,,,0.0,
162,4080,Rau mồng tơi,,17.0,100g edible portion,93.2,14.0,57.0,2.0,,1.4,2.5,0.9,,176.0,1.6,,0.45,34.0,391.0,38.0,0.54,20.0,,72.0,0.06,0.17,,,,,,,0.0,,,,1920.0,,,,0.0,
163,4081,Rau mùi,Coriander,15.0,100g edible portion,93.3,16.0,66.0,2.6,0.5,0.2,1.8,1.6,0.87,133.0,0.01,,0.43,80.0,521.0,46.0,0.5,225.0,0.9,140.0,0.11,0.15,,,0.149,62.0,,,0.0,,,,3930.0,36.0,0.0,865.0,0.0,
164,4082,Rau mùi tàu,"Swamp cabbage, water spinach, water convol",20.0,100g edible portion,92.0,25.0,105.0,2.1,0.8,2.4,1.6,1.1,0.85,20.0,0.13,,0.36,30.0,237.0,39.0,0.41,210.0,0.1,177.0,0.11,0.28,,,0.09,152.0,,,0.0,,,,5040.0,0.0,0.0,5561.0,0.0,
165,4083,Rau muèng,,37.5,100g edible portion,92.0,25.0,104.0,3.2,0.4,2.1,1.0,1.3,0.42,100.0,0.06,,0.6,37.0,331.0,37.0,0.35,100.0,1.0,23.0,0.1,0.09,,,0.195,194.0,,,1.6,,,,5597.0,0.0,0.0,11938.0,0.0,57.0
166,4084,Rau muống khô,Limnophila aromatic,0.0,100g edible portion,14.0,245.0,1025.0,34.2,1.8,23.0,12.0,15.0,,880.0,15.2,,,300.0,,,,,,10.0,,,,,,,,,0.0,,,,12996.0,,,,0.0,
167,4085,Rau ngổ,,29.0,100g edible portion,93.3,15.0,64.0,1.5,,2.3,2.1,0.8,,84.0,2.2,,1.49,18.0,222.0,5.0,1.48,480.0,,78.0,0.11,0.15,,,,,,,0.0,,,,2325.0,,,,0.0,
168,4086,Rau ngãt,,23.0,100g edible portion,86.4,35.0,146.0,5.3,,3.4,2.5,2.4,,169.0,2.7,,2.4,65.0,457.0,25.0,0.94,190.0,,185.0,0.07,0.39,,,,,,,0.0,,,,6650.0,,,,0.0,
169,4087,Rau ngót khô,,0.0,100g edible portion,14.0,239.0,1002.0,32.2,2.6,21.8,15.0,14.4,,,,,,,,,,,,,,,,,,,,,0.0,,,,1560.0,,,,0.0,
170,4088,Rau răm,,25.0,100g edible portion,86.7,30.0,126.0,4.7,,2.8,3.8,2.0,,316.0,2.2,,3.63,55.0,216.0,5.0,1.05,390.0,,57.0,,,,,,,,,0.0,,,,,,,,0.0,
171,4089,Rau rót,"Lettuce, garden asparagus",55.0,100g edible portion,90.4,28.0,115.0,5.1,,1.8,1.9,0.8,,180.0,,,,59.0,,,,,,,,,,,,,,,0.0,,,,,,,,0.0,
172,4090,Rau sà lách,,10.0,100g edible portion,95.0,17.0,70.0,1.5,0.4,1.8,0.5,0.8,,77.0,0.06,,0.75,34.0,333.0,59.0,0.4,220.0,0.8,15.0,0.14,0.12,,,,,,,0.7,,,,1050.0,,,,0.0,13.0
173,4091,Rau sam,,0.0,100g edible portion,93.6,18.0,74.0,1.4,,3.0,0.7,1.3,,85.0,1.5,,,56.0,,,,,,26.0,0.03,0.11,,,,,,,0.0,,,,160.0,,,,0.0,
174,4092,Rau sắng,,40.0,100g edible portion,82.4,48.0,201.0,6.5,,5.5,3.4,2.2,,110.0,,,,80.0,,,,,,114.0,,,,,,,,,0.0,,,,,,,,0.0,
175,4093,Rau tàu bay,,0.0,100g edible portion,93.1,18.0,74.0,2.5,,1.9,1.6,0.9,,81.0,,,,25.0,,,,,,10.0,,,,,,,,,0.0,,,,1700.0,,,,0.0,
176,4094,Rau thơm,Mint leaves,25.0,100g edible portion,91.7,18.0,74.0,2.0,,2.4,3.0,0.9,,170.0,3.8,,0.88,49.0,217.0,6.0,0.56,740.0,,41.0,0.14,0.15,,,,,,,0.0,,,,3560.0,,,,0.0,
177,4095,Sấu xanh,,35.0,100g edible portion,94.7,19.0,80.0,1.8,,3.0,,0.5,,135.0,,,,6.0,,,,,,,,,,,,,,,0.0,,,,,,,,0.0,
178,4096,Su hào,,22.4,100g edible portion,88.0,37.0,154.0,2.8,0.1,6.2,1.7,1.2,2.6,46.0,0.01,,0.62,50.0,321.0,53.0,0.45,310.0,0.7,40.0,0.06,0.05,,,0.15,16.0,,,0.0,,,,22.0,,,,0.0,25.0
179,4097,Su hào khô,,0.0,100g edible portion,15.0,261.0,1092.0,20.0,1.4,42.1,12.5,9.0,,,,,,,,,,,,3.0,,,,,,,,,0.0,,,,,,,,0.0,
180,4098,Su su,"Chayote, fruit raw",20.0,100g edible portion,94.0,19.0,78.0,0.8,0.1,3.6,1.0,0.5,1.85,17.0,0.03,,0.19,14.0,125.0,2.0,0.74,123.0,0.2,4.0,0.01,0.02,,,0.076,93.0,,,0.0,,,,0.0,,,,0.0,
181,4099,Súp lơ trắng,"Cauliflower, white",40.0,100g edible portion,90.9,30.0,126.0,2.5,0.1,4.8,0.9,0.8,2.4,26.0,0.03,,0.2,51.0,349.0,20.0,0.2,140.0,0.6,70.0,0.11,0.1,,,0.222,57.0,,,1.5,,,,8.0,0.0,0.0,33.0,0.0,51.0
182,4100,Súp lơ xanh,"Cauliflower, green",39.0,100g edible portion,89.8,26.0,109.0,3.0,0.3,2.9,3.2,0.9,3.03,33.0,0.05,,0.25,62.0,300.0,23.0,0.64,41.0,0.6,88.0,0.08,0.1,,,0.222,57.0,,,0.0,,,,93.0,0.0,0.0,42.0,0.0,
183,4101,Thìa là,Thìa là Dill,25.0,100g edible portion,88.4,28.0,115.0,2.6,1.1,1.8,5.0,1.1,,200.0,0.06,,0.55,12.0,361.0,48.0,0.5,220.0,,63.0,0.05,0.12,,,0.185,150.0,,,0.0,,,,2850.0,,,,0.0,
184,4102,Tía tô,,20.0,100g edible portion,89.1,25.0,105.0,2.9,,3.4,3.6,1.0,,190.0,3.2,,0.73,18.0,284.0,3.0,0.86,460.0,,13.0,,,,,,,,,0.0,,,,5520.0,,,,0.0,
185,4103,Tái ta,,20.0,100g edible portion,67.7,121.0,504.0,6.0,0.5,23.0,1.5,1.3,1.0,24.0,0.09,,1.3,181.0,373.0,18.0,0.9,299.0,77.1,10.0,0.24,0.03,,,1.235,3.0,,,0.0,,,,0.0,0.0,0.0,26.0,0.0,
186,4104,Tỏi tây (cả lá),,20.0,100g edible portion,90.0,29.0,122.0,1.4,,5.9,1.5,1.2,,80.0,2.0,,,58.0,,,,,,20.0,0.06,0.04,,,,,,,0.0,,,,10.0,,,,0.0,
187,4105,Trám đen chín,Chinese olive,50.0,100g edible portion,77.0,114.0,479.0,2.5,10.0,3.6,4.9,2.0,,140.0,,,,30.0,,,,,,14.0,,,,,,,,,0.0,,,,,,,,0.0,
188,4106,Xương sông,Edible herbaceous plant,34.0,100g edible portion,86.7,37.0,154.0,1.2,1.6,4.4,4.9,1.2,,136.0,,,,9.0,,,,,,20.0,0.02,0.11,,,,,,,0.0,,,,330.0,,,,0.0,
189,4107,Xương sông,,10.0,100g edible portion,91.7,15.0,62.0,2.2,,1.5,3.2,1.4,,112.0,4.0,,,17.0,424.0,12.0,,,,4.0,,,,,,,,,0.0,,,,,,,,0.0,
190,4108,Cà chua muối,"Eggplant, garden, brinjan; aubergine, pickled",5.0,100g edible portion,94.0,6.0,27.0,0.6,,1.0,0.8,3.6,,,,,,,,,,,,,,,,,,,,,0.0,,,,,,,,0.0,
191,4109,Cà muối nén,"Eggplant, garden, brinjan; aubergine, pickled",5.0,100g edible portion,81.0,13.0,55.0,1.3,,2.0,1.7,14.0,,15.0,0.8,,,18.0,,,,,,0.7,0.05,0.06,,,,,,,0.0,,,,40.0,,,,0.0,
192,4110,Cà muối sổi,"Cabbage Chinese, pickled",5.0,100g edible portion,84.3,16.0,67.0,1.5,,2.5,1.7,10.0,,,,,,,,,,,,,,,,,,,,,0.0,,,,,,,,0.0,
193,4111,Dưa cải bắp,,5.0,100g edible portion,90.9,18.0,75.0,1.2,,3.3,1.6,3.0,,51.0,0.3,,,34.0,,,,,,20.0,0.01,0.06,,,,,,,0.0,,,,20.0,,,,0.0,
194,4112,Dưa cải bẹ,,5.0,100g edible portion,90.1,17.0,70.0,1.8,,2.4,2.1,3.6,,100.0,3.0,,,21.0,,,,,,3.0,0.03,0.12,,,,,,,0.0,,,,745.0,,,,0.0,
195,4113,Dưa cải sen,"Cucumber, pickled",5.0,100g edible portion,93.8,10.0,40.0,1.1,,1.3,1.8,2.0,,63.0,,,,41.0,,,,,,,,,,,,,,,0.0,,,,,,,,0.0,
196,4114,Dưa chuột muối,,5.0,100g edible portion,92.1,13.0,55.0,0.8,,2.5,0.7,3.9,,25.0,0.05,,0.01,20.0,23.0,1208.0,0.02,85.0,0.0,4.0,0.01,0.02,,,0.009,1.0,,,0.0,,,,100.0,,,,0.0,
197,4115,Dưa giá (đậu xanh),,0.0,100g edible portion,86.2,39.0,164.0,5.0,,4.8,2.0,2.0,,22.0,1.1,,,33.0,,,,,,,,,,,,,,,0.0,,,,,,,,0.0,
198,4116,Hành củ muối,"Onion shallot, scallion, pickled",30.0,100g edible portion,88.5,22.0,90.0,1.4,,4.0,0.7,5.4,,12.0,1.3,,,5.0,,,,,,0.1,0.02,0.03,,,,,,,0.0,,,,18.0,,,,0.0,
199,4117,Kiệu muối,"Nhút (muối từ mít non, ngọn đậu xanh non...)",30.0,100g edible portion,89.5,24.0,100.0,1.3,,4.7,1.2,3.3,,50.0,1.2,,,35.0,,,,,,12.0,0.05,0.1,,,,,,,0.0,,,,,,,,0.0,
200,4118,Men bia khô,,0.0,100g edible portion,84.9,16.0,67.0,2.5,,1.5,2.3,8.8,,204.0,9.0,,,33.0,,,,,,,,,,,,,,,0.0,,,,,,,,0.0,
201,4119,Men bia khô,,0.0,100g edible portion,7.5,340.0,1424.0,52.5,3.2,25.4,6.6,4.8,,44.0,16.1,,,1291.0,,,,,,36.7,2.33,5.44,,,,,,,200.0,,,,,,,,0.0,
202,4120,Men bia tươi,"Jew's ear, Juda's ear, dried, Wood-ear, Tender variety",0.0,100g edible portion,74.6,95.0,395.0,16.2,1.3,4.5,2.0,1.4,,30.0,5.0,,,272.0,,,,,,8.3,0.77,1.06,,,,,,,60.0,,,,,,,,0.0,
203,4121,Mộc nhĩ,,10.0,100g edible portion,11.4,304.0,1273.0,10.6,0.2,65.0,7.0,5.8,,357.0,56.1,,1.15,201.0,708.0,70.0,7.52,5070.0,133.1,1.0,0.15,0.55,,,0.95,160.0,,,0.0,,,,20.0,,,,0.0,
204,4122,Nấm hương khô,"Mushroom, Chinese, raw",10.0,100g edible portion,13.0,274.0,1146.0,36.0,4.0,23.5,17.0,6.5,,184.0,35.0,,,606.0,,,,,,23.4,0.16,1.59,,,,,,,0.0,,,,,,,,0.0,
205,4123,Nấm hương tươi,Mushroom,25.0,100g edible portion,87.0,39.0,163.0,5.5,0.5,3.1,3.0,0.9,,27.0,5.2,,,89.0,,,,,,,,,,,,,,,0.0,,,,,,,,0.0,
206,4124,Nấm mỡ (Nấm tây),,10.0,100g edible portion,90.4,32.0,135.0,4.0,0.3,3.4,1.1,0.8,,28.0,1.3,,0.1,80.0,322.0,12.0,0.3,1790.0,13.0,4.0,0.11,0.16,,,,,,,16.0,,,,10.0,,,,0.0,58.0
207,4125,Nấm rơm,"Mushroom, common",10.0,100g edible portion,87.9,57.0,238.0,3.6,3.2,3.4,1.1,0.8,,28.0,1.2,,,80.0,,,,,,2.0,0.12,0.33,,,,,,,0.0,,,,0.0,,,,0.0,
208,4126,Nấm thường tươi,NHểM 5 – QUẢ CHÍN GROUP 5 - FRUITS,25.0,100g edible portion,88.0,34.0,144.0,4.6,0.8,2.2,3.5,0.9,1.65,2.0,0.05,,0.05,59.0,318.0,5.0,0.52,318.0,9.3,6.0,0.25,0.3,,,0.104,16.0,,,0.0,,,,10.0,,,,0.0,
209,5001,Bưởi,,35.0,100g edible portion,91.4,30.0,126.0,0.2,0.0,7.3,0.7,0.4,,23.0,0.5,,0.02,18.0,159.0,3.0,0.16,120.0,,95.0,0.04,0.02,,,0.036,,,,0.0,,,,0.0,0.0,0.0,0.0,0.0,
210,5002,Cam,Orange,31.1,100g edible portion,88.8,38.0,158.0,0.9,0.1,8.3,1.4,0.5,9.35,34.0,0.02,,0.52,23.0,108.0,4.0,0.22,140.0,0.4,40.0,0.08,0.03,,,0.06,30.0,,,0.89,,,,71.0,11.0,0.0,129.0,0.0,19.0
211,5003,Chanh,,25.0,100g edible portion,92.5,24.0,102.0,0.9,0.3,4.5,1.3,0.5,,40.0,0.04,,,22.0,145.0,3.0,0.1,260.0,,77.0,0.04,0.01,,,0.109,,,,0.5,,,,,,,,0.0,
212,5004,Chôm chôm,,50.0,100g edible portion,80.3,72.0,300.0,1.5,0.0,16.4,1.3,0.5,,28.0,0.5,,,15.0,,,,,,,,,,,,,,,0.0,,,,,,,,0.0,
213,5005,Chuối khô,,0.0,100g edible portion,22.0,292.0,1222.0,5.0,0.0,68.0,2.3,2.7,,,,,,,,,,,,,,,,,,,,,0.0,,,,,,,,0.0,
214,5006,Chuối tây,,26.5,100g edible portion,83.2,56.0,234.0,0.9,0.3,12.4,2.6,0.6,12.23,12.0,0.11,,0.31,25.0,286.0,17.0,0.32,150.0,1.0,6.0,0.04,0.07,,,0.367,20.0,,,5.5,,,,26.0,25.0,0.0,22.0,0.0,57.0
215,5007,Chuối tiêu,,35.0,100g edible portion,74.4,97.0,404.0,1.5,0.2,22.2,0.8,0.9,,8.0,0.6,,0.12,28.0,329.0,19.0,0.37,140.0,0.9,6.0,0.04,0.05,,,,,,,0.0,,,,45.0,,,,0.0,
216,5008,Dâu gia,,56.0,100g edible portion,92.8,27.0,114.0,0.6,,6.2,,0.4,,20.0,0.5,,,12.0,,,,,,2.0,,,,,,,,,0.0,,,,,,,,0.0,
217,5009,Dâu tây,"Musk melon, Spanish melon, Cantaloupe",15.0,100g edible portion,84.9,43.0,181.0,1.8,0.4,8.1,4.0,0.8,,22.0,0.7,,,23.0,292.0,37.0,,,,60.0,0.03,0.06,,,,,,,1.1,,,,30.0,,,,0.0,21.0
218,5010,Dưa bở,,10.0,100g edible portion,94.5,18.0,76.0,0.5,0.2,3.6,0.7,0.5,7.89,36.0,0.03,,0.05,36.0,201.0,0.0,0.17,86.0,0.0,9.0,0.04,0.02,,,0.025,5.0,,,0.0,,,,150.0,0.0,0.0,130.0,0.0,33.0
219,5011,Dưa hấu,Watermelon,48.0,100g edible portion,95.5,16.0,66.0,1.2,0.2,2.3,0.5,0.3,6.2,8.0,0.02,,0.03,13.0,187.0,5.0,0.11,80.0,0.4,7.0,0.04,0.04,,,0.045,3.0,,,0.0,,,,303.0,0.0,4532.0,8.0,0.0,
220,5012,Dưa hồng,,16.0,100g edible portion,95.0,17.0,72.0,0.3,0.1,3.7,0.4,0.5,8.12,27.0,0.04,,0.03,12.0,228.0,18.0,0.09,24.0,0.7,7.0,0.02,0.02,,,0.088,19.0,,,0.0,,,,30.0,0.0,0.0,27.0,0.0,
221,5013,Dưa lê,,18.0,100g edible portion,93.3,18.0,77.0,0.4,0.0,4.2,0.5,1.6,,11.0,0.6,,,21.0,,,,,,,,,,,,,,,0.0,,,,,,,,0.0,
222,5014,Dứa ta,,40.0,100g edible portion,91.5,29.0,122.0,0.8,,6.5,0.8,0.4,,15.0,0.5,,0.12,17.0,157.0,24.0,0.25,320.0,0.5,24.0,0.08,0.02,,,,,,,0.0,,,,40.0,,,,0.0,
223,5015,Dứa tây,Pineapple,40.0,100g edible portion,89.7,38.0,160.0,0.5,0.1,8.8,0.4,0.5,9.26,32.0,0.01,,1.18,11.0,115.0,1.0,0.1,99.0,0.1,26.0,0.08,0.03,,,0.11,15.0,,,0.0,,,,34.0,0.0,0.0,0.0,0.0,19.0
224,5016,Đào,,12.0,100g edible portion,90.5,31.0,128.0,0.9,0.2,6.3,1.5,0.6,8.39,20.0,0.02,,0.06,34.0,190.0,0.0,0.17,68.0,0.1,10.0,0.02,0.05,,,0.025,4.0,,,0.2,,,,162.0,0.0,0.0,91.0,0.0,21.0
225,5017,Đu đủ chín,Ohia; Malaya roseapple,12.4,100g edible portion,90.1,36.0,149.0,1.0,0.1,7.6,0.6,0.6,5.9,40.0,0.04,,0.84,32.0,221.0,4.0,0.1,40.0,0.6,54.0,0.02,0.02,,,0.019,38.0,,,0.0,,,,276.0,0.0,0.0,75.0,0.0,
226,5018,Gioi,,19.0,100g edible portion,93.0,16.0,65.0,0.4,0.3,3.2,2.9,0.2,,12.0,0.5,,0.03,6.0,123.0,0.0,0.06,16.0,,30.0,0.03,0.02,,,,,,,0.0,,,,,,,,0.0,
227,5019,Hồng bì,"Persimmon kaki, soft type, ripe",46.0,100g edible portion,88.2,34.0,144.0,1.4,,7.2,2.4,0.8,,48.0,0.4,,,9.0,,,,,,24.0,0.02,0.11,,,,,,,0.0,,,,,,,,0.0,
228,5020,Hồng đỏ,,8.8,100g edible portion,90.0,29.0,119.0,0.7,0.2,6.0,2.5,0.6,12.53,10.0,0.02,,1.12,19.0,214.0,4.0,0.19,100.0,0.6,16.0,0.01,0.02,,,0.1,8.0,,,0.0,,,,253.0,,158.0,834.0,0.0,
229,5021,Hồng ngâm,,17.7,100g edible portion,87.5,38.0,159.0,0.9,,8.6,2.5,0.5,,10.0,0.2,,1.22,19.0,217.0,3.0,0.22,100.0,,16.0,0.01,0.02,,,,,,,0.0,,,,1615.0,,,,0.0,
230,5022,Hồng xiêm,,10.0,100g edible portion,85.7,48.0,202.0,0.5,0.7,10.0,2.5,0.6,,52.0,0.19,,,24.0,193.0,12.0,0.1,86.0,0.6,8.0,0.0,0.02,,,0.037,14.0,,,0.0,,,,,,,,0.0,
231,5023,Lê,,12.0,100g edible portion,87.8,45.0,190.0,0.7,0.2,10.2,0.6,0.5,9.8,19.0,0.01,,0.05,16.0,88.0,5.0,0.13,140.0,0.1,4.0,0.02,0.04,,,0.028,7.0,,,0.1,,,,27.0,6.0,,,0.0,12.0
232,5024,Lùu,,85.0,100g edible portion,79.6,70.0,292.0,0.6,0.3,16.2,2.5,0.8,16.57,13.0,0.04,,,23.0,259.0,3.0,0.12,70.0,0.6,6.0,0.07,0.01,,,0.105,6.0,,,0.0,,,,40.0,50.0,,,0.0,
233,5025,Mãng cầu xiêm,,21.0,100g edible portion,84.7,53.0,222.0,1.8,0.6,10.1,1.9,0.9,,38.0,0.23,,,14.0,382.0,4.0,,,,19.0,0.08,0.1,,,0.221,,,,0.0,,,,,,,,0.0,
234,5026,Mắc coọc,,14.0,100g edible portion,93.8,24.0,99.0,0.2,,5.7,,0.3,,32.0,0.6,,,7.0,,,,,,2.0,,,,,,,,,0.0,,,,,,,,0.0,
235,5027,Mận,,15.0,100g edible portion,94.1,20.0,83.0,0.6,0.2,3.9,0.7,0.5,9.92,28.0,0.02,,0.05,20.0,157.0,0.0,0.1,57.0,0.0,3.0,0.06,0.04,,,0.029,5.0,,,0.0,,,,98.0,,,,0.0,24.0
236,5028,Mít dai,"Jackfruit, jackfruit mature",55.0,100g edible portion,85.4,50.0,207.0,0.6,0.3,11.1,1.2,1.4,,21.0,0.06,,0.15,28.0,368.0,3.0,0.67,120.0,0.6,5.0,0.09,0.04,,,0.108,14.0,,,0.0,,,,180.0,,,,0.0,
237,5029,Mít khô,"Jack fruit, honey",0.0,100g edible portion,26.0,280.0,1170.0,2.9,,67.0,1.5,2.6,,,,,,,,,,,,,,,,,,,,,0.0,,,,,,,,0.0,
238,5030,Mít mật,"Apricot, Apricot nectar",55.0,100g edible portion,82.2,62.0,259.0,1.5,,14.0,1.2,1.1,,21.0,0.4,,,28.0,,,,,,5.0,0.09,0.04,,,,,,,0.0,,,,80.0,,,,0.0,
239,5031,Mơ,,14.0,100g edible portion,87.1,48.0,199.0,0.9,0.4,10.1,0.8,0.7,9.24,28.0,0.03,,0.08,26.0,259.0,1.0,0.2,78.0,0.1,7.0,0.04,0.06,,,0.054,9.0,,,0.0,,,,2554.0,0.0,5.0,0.0,0.0,
240,5032,Mơ khô,"Apricot dried, unsulfured",0.0,100g edible portion,25.9,273.0,1143.0,3.0,1.1,62.8,4.1,3.1,53.44,62.0,0.02,,0.24,106.0,1162.0,10.0,0.39,343.0,2.2,5.0,0.08,0.09,,,0.143,10.0,,,0.0,,,,2163.0,0.0,0.0,0.0,0.0,73.0
241,5033,"Muỗm, quéo",,20.0,100g edible portion,82.9,67.0,281.0,0.6,0.4,15.3,0.4,0.4,,4.0,0.2,,,4.0,,,,,,60.0,0.06,0.06,,,,,,,0.0,,,,1905.0,,,,0.0,
242,5034,Na,"Sugarapple, sweetsop",44.4,100g edible portion,82.5,66.0,276.0,1.6,0.3,14.2,0.8,0.6,,35.0,0.05,,0.17,45.0,260.0,22.0,0.21,200.0,0.6,36.0,0.11,0.1,,,0.2,14.0,,,0.0,,,,0.0,,,,0.0,
243,1283,562,,45.0,100g edible portion,86.3,48.0,201.0,0.9,0.1,10.9,1.0,0.8,,21.0,0.4,,0.1,12.0,257.0,26.0,0.29,150.0,,58.0,0.03,0.14,,,,,,,0.0,,,,0.0,,,,0.0,
244,5036,Nhãn khô,"Grape, European, sweet",0.0,100g edible portion,25.0,285.0,1194.0,4.3,0.5,65.9,1.7,2.6,,32.0,4.4,,0.25,117.0,658.0,48.0,0.22,807.0,,34.0,0.02,0.5,,,,,,,0.0,,,,0.0,,,,0.0,
245,5037,Nho ngät,"Grape fruit, sour",1.9,100g edible portion,82.1,68.0,286.0,0.4,0.2,16.3,0.6,0.4,15.48,17.0,0.05,,0.07,22.0,191.0,2.0,0.07,127.0,0.1,3.0,0.06,0.04,,,0.086,2.0,,,0.3,,,,39.0,1.0,0.0,72.0,0.0,27.0
246,5038,Nho ta (nho chua),,13.0,100g edible portion,93.6,14.0,59.0,0.4,,3.1,2.4,0.5,,40.0,1.4,,0.07,21.0,120.0,11.0,0.17,160.0,,45.0,0.05,0.04,,,,,,,0.0,,,,15.0,,,,0.0,
247,5039,Nhãt,,24.0,100g edible portion,94.0,13.0,55.0,1.2,,2.1,2.3,0.4,,27.0,0.2,,,30.0,,,,,,,,,,,,,,,0.0,,,,,,,,0.0,
248,5040,Ổi,,5.0,100g edible portion,85.0,38.0,159.0,0.6,1.0,6.8,6.0,0.7,8.92,10.0,0.27,,0.15,16.0,291.0,4.0,2.4,20.0,0.6,62.0,0.05,0.04,,,0.11,49.0,,,0.0,,,,374.0,0.0,5204.0,0.0,0.0,
249,5041,Quả bơ vỏ tím,,27.0,100g edible portion,88.3,74.0,310.0,1.8,6.2,2.8,0.4,0.5,,49.0,1.4,,,69.0,,,,,,,,,,,,,,,0.0,,,,,,,,0.0,
250,2290,910,"Avocado, green",28.0,100g edible portion,85.4,101.0,424.0,1.9,9.4,2.3,0.5,0.5,2.42,60.0,1.96,,0.1,85.0,351.0,2.0,0.4,311.0,,17.0,0.02,0.05,,,0.078,35.0,,,3.2,,,,53.0,27.0,0.0,0.0,0.0,
251,1399,688,,25.0,100g edible portion,83.9,58.0,244.0,1.8,,12.8,0.9,0.6,,38.0,1.6,,,24.0,,,,,,,,,,,,,,,0.0,,,,,,,,0.0,
252,5044,Quả thanh long,,,100g edible portion,87.6,40.0,167.0,1.3,,8.7,1.8,0.6,,11.0,0.6,,,11.0,,,,,,10.0,,,,,,,,,0.0,,,,,,,,,
253,5045,Quả trứng gà,"Mandarin, whole fruit",25.0,100g edible portion,73.4,106.0,444.0,4.3,0.4,21.3,,0.6,,101.0,,,,270.0,,,,,,,,,,,,,,,0.0,,,,,,,,0.0,
254,5046,Quất chín (cả vỏ),,4.0,100g edible portion,89.0,26.0,107.0,0.9,,5.5,4.1,0.5,,124.0,0.3,,,42.0,,,,,,43.0,0.1,0.02,,,,,,,0.0,,,,100.0,,,,0.0,
255,5047,Quít,Tangerine; Orange; Mandarin,19.8,100g edible portion,89.5,39.0,164.0,0.8,0.3,8.3,0.6,0.5,10.58,35.0,0.04,,0.08,17.0,111.0,4.0,0.2,100.0,0.4,55.0,0.08,0.03,,,0.078,16.0,,,0.8,,,,71.0,14.0,0.0,243.0,0.0,
256,5048,Sầu riêng,,75.0,100g edible portion,66.8,132.0,552.0,2.5,1.6,26.9,1.4,0.8,,20.0,0.9,,0.33,63.0,601.0,1.0,0.28,0.0,,37.0,0.27,0.29,,,0.316,36.0,,,0.0,,,,23.0,6.0,0.0,0.0,0.0,
257,5049,Sấu chín,"Jujube, common or Chinese; Chinese date",24.0,100g edible portion,87.0,38.0,159.0,1.3,,8.2,2.7,0.8,,100.0,,,,44.0,,,,,,3.0,,,,,,,,,0.0,,,,,,,,0.0,
258,1465,759,"Apple, common, domestic",14.0,100g edible portion,89.5,38.0,160.0,0.8,0.2,8.3,0.7,0.5,,44.0,0.2,,0.08,25.0,250.0,3.0,0.05,73.0,,24.0,0.06,0.04,,,0.081,,,,0.0,,,,5.0,,,,0.0,
259,5051,Táo tây,,12.0,100g edible portion,87.2,48.0,199.0,0.5,0.2,11.0,0.6,0.5,10.39,19.0,0.03,,0.06,13.0,102.0,15.0,0.2,100.0,0.2,7.0,0.04,0.03,,,0.041,3.0,,,0.3,,,,27.0,0.0,0.0,29.0,0.0,14.0
260,5052,Vải,"Litchi, dried with shells",48.0,100g edible portion,87.8,45.0,188.0,0.7,0.4,9.6,1.1,0.4,15.23,6.0,0.1,,0.06,34.0,171.0,1.0,0.07,148.0,0.6,36.0,0.02,0.04,,,0.1,14.0,,,0.0,,,,,,,,0.0,
261,5053,Vải khô,,44.0,100g edible portion,34.9,260.0,1086.0,3.0,1.9,57.6,1.0,1.6,66.1,25.0,0.27,,0.23,58.0,1110.0,3.0,0.28,631.0,1.3,183.0,0.01,0.57,,,0.09,12.0,,,0.0,,,,0.0,,,,0.0,
262,5054,Vú sữa,"Mango, common; India mango, ripe",22.0,100g edible portion,86.5,42.0,174.0,1.0,,9.4,2.3,0.8,,68.0,0.4,,,32.0,,,,,,5.0,0.01,0.02,,,,,,,0.0,,,,,,,,0.0,
263,5055,Xoài chín,,20.0,100g edible portion,82.6,62.0,257.0,0.6,0.3,14.1,1.8,0.6,14.8,10.0,0.07,,0.28,13.0,114.0,2.0,0.56,150.0,0.6,30.0,0.05,0.05,,,0.134,14.0,,,0.0,,,,445.0,17.0,,,0.0,
264,5056,Quả kiwi,Kiwi fruit,14.0,100g edible portion,83.1,56.0,234.0,1.1,0.5,11.7,3.0,0.6,8.99,34.0,0.03,,0.1,34.0,312.0,3.0,0.14,130.0,0.2,93.0,0.03,0.03,,,0.063,25.0,,,0.0,,,,52.0,0.0,0.0,122.0,0.0,
265,6001,Bơ,,0.0,100g edible portion,15.4,756.0,3161.0,0.5,83.5,0.5,0.0,0.1,,12.0,51.37,,0.0,12.0,24.0,11.0,0.09,16.0,1.0,0.0,0.01,0.04,,,0.003,3.0,,,600.0,,,,158.0,0.0,0.0,0.0,270.0,
266,6002,"Dầu thảo mộc (Lạc, vừng, cám...)",,0.0,100g edible portion,0.3,897.0,3754.0,0.0,99.7,0.0,0.0,0.0,0.0,,,,,,,,,,,0.0,,,,,,,,,,,,,0.0,0.0,0.0,0.0,,0.0
267,6003,Mỡ lợn muối,,0.0,100g edible portion,3.0,827.0,3460.0,2.0,91.0,0.0,0.0,4.0,0.0,,,,,,,,,,,0.0,,,,,,,,,,,,,0.0,0.0,0.0,0.0,,0.0
268,1321,713,"Lard, liquid",0.0,100g edible portion,0.4,896.0,3751.0,0.0,99.6,0.0,0.0,0.0,0.0,2.0,39.1,,,12.0,,,,,,0.0,0.02,,,,,,,,,,,,0.0,0.0,0.0,0.0,95.0,0.0
269,6005,Bơ thực vật,,0.0,100g edible portion,18.5,729.0,3049.0,0.5,80.7,0.1,0.0,0.2,,17.0,15.0,,0.0,13.0,25.0,2.0,0.02,0.0,0.0,0.0,0.01,0.02,,,0.005,1.0,,,768.0,,,,610.0,0.0,0.0,0.0,0.0,0.0
270,6006,Dầu bông,,0.0,100g edible portion,0.0,900.0,3766.0,0.0,100.0,0.0,0.0,0.0,0.0,,25.9,,,,,,,,,35.3,,,,,,,,,24.7,,,,0.0,0.0,0.0,0.0,0.0,0.0
271,6007,Dầu cám gạo,Rice bran oil,0.0,100g edible portion,0.0,900.0,3766.0,0.0,100.0,0.0,0.0,0.0,0.0,,19.7,,,,,,,,,32.3,,,,,,,,,24.7,,,,0.0,0.0,0.0,0.0,0.0,0.0
272,6008,Dầu cọ,Palm oil,0.0,100g edible portion,0.0,900.0,3766.0,0.0,100.0,0.0,0.0,0.0,0.0,,49.3,,,,,,,,,15.94,,,,,,,,,8.0,,,,0.0,0.0,0.0,0.0,0.0,0.0
273,1243,568,,0.0,100g edible portion,0.0,900.0,3766.0,0.0,100.0,0.0,0.0,0.0,0.0,,86.5,,,,,,,,,0.09,,,,,,,,,0.5,,,,0.0,0.0,0.0,0.0,0.0,0.0
274,1346,611,"Peanut oil, salad or cooking",0.0,100g edible portion,0.0,900.0,3766.0,0.0,100.0,0.0,0.0,0.0,0.0,,14.4,,,,,,,,,9.21,,,,,,,,,197.6,,,,0.0,0.0,0.0,0.0,0.0,0.0
275,6011,Dầu lạc,,0.0,100g edible portion,0.0,900.0,3766.0,0.0,100.0,0.0,0.0,0.0,0.0,,16.9,,,,,,,,,15.69,,,,,,,,,0.7,,,,0.0,0.0,0.0,0.0,0.0,0.0
276,6012,Dầu mè,"Sesame oil, salad or cooking",0.0,100g edible portion,0.0,900.0,3766.0,0.0,100.0,0.0,0.0,0.0,0.0,,14.2,,,,,,,,,1.4,,,,,,,,,13.6,,,,0.0,0.0,0.0,0.0,0.0,
277,6013,Dầu ngô,"Olive oil, salad or cooking",0.0,100g edible portion,0.0,900.0,3766.0,0.0,100.0,0.0,0.0,0.0,0.0,,12.95,,,,,,,,,14.3,,,,,,,,,1.9,,,,0.0,0.0,0.0,0.0,0.0,0.0
278,6014,Dầu oliu,Olive oil,0.0,100g edible portion,0.0,900.0,3766.0,0.0,100.0,0.0,0.0,0.0,0.0,1.0,13.81,,,,1.0,2.0,,,,14.35,,,,,,,,,60.2,,,,0.0,0.0,0.0,0.0,0.0,0.0
279,7001,Thịt bê mỡ,,2.0,100g edible portion,72.8,144.0,600.0,19.0,7.5,0.0,0.0,0.7,0.0,8.0,3.35,,0.03,188.0,329.0,76.0,2.55,110.0,8.5,2.0,0.23,0.25,,,0.49,13.0,,,0.0,,,,0.0,0.0,0.0,0.0,78.0,
280,1548,602,"Veal meat, lean only",2.0,100g edible portion,78.2,85.0,354.0,20.0,0.5,0.0,0.0,1.3,0.0,8.0,0.78,,0.03,176.0,348.0,80.0,2.73,116.0,8.7,2.0,0.23,0.25,,,0.52,14.0,,,0.0,,,,0.0,0.0,0.0,0.0,79.0,172.0
281,7003,Thịt bò loại I,"Beef, grade II",2.0,100g edible portion,74.1,118.0,495.0,21.0,3.8,0.0,0.0,1.1,0.0,12.0,3.1,,,226.0,378.0,83.0,2.2,160.0,,1.0,0.1,0.17,,,,,,,12.0,,,,0.0,0.0,0.0,0.0,59.0,
282,7004,Thịt bò loại II,"Beef, top loin, seperable lean only, trimmed to 1/8"" fat, prime, raw",2.0,100g edible portion,70.5,167.0,697.0,18.0,10.5,0.0,0.0,1.0,0.0,10.0,2.7,,,194.0,,,,,,1.0,0.1,0.17,,,,,,,2.0,,,,0.0,0.0,0.0,0.0,,
283,7005,"Thịt bò, lưng, nạc","Beef, top loin, seperable lean only, trimmed to 1/4"" fat, prime, raw",2.0,100g edible portion,72.7,127.0,532.0,23.1,3.9,0.0,0.0,1.0,0.0,23.0,1.43,,0.01,214.0,361.0,57.0,4.05,78.0,31.2,0.0,0.08,0.12,,,0.651,13.0,,,0.0,,,,0.0,0.0,0.0,0.0,40.0,133.0
284,7006,"Thịt bò, lưng, nạc và mỡ",Pigeon young bird flesh skin and giblets,2.0,100g edible portion,67.4,182.0,763.0,21.5,10.7,0.0,0.0,0.9,0.0,5.0,4.29,,0.01,185.0,349.0,59.0,3.64,78.0,17.8,0.0,0.1,0.15,,,0.44,7.0,,,0.0,,,,0.0,0.0,0.0,0.0,59.0,
285,7007,Thịt bồ câu ra ràng,,60.0,100g edible portion,51.7,340.0,1423.0,17.5,30.0,0.0,0.0,0.8,0.0,45.0,8.43,,0.02,217.0,199.0,54.0,2.2,437.0,13.3,5.0,0.1,0.28,,,0.41,6.0,,,73.0,,,,0.0,0.0,0.0,0.0,95.0,
286,7008,Thịt chó sấn,,2.0,100g edible portion,53.0,338.0,1413.0,16.0,30.4,0.0,0.0,0.6,0.0,16.0,1.0,,,43.0,,,,,,1.8,0.04,0.08,,,,,,,,,,,0.0,0.0,0.0,0.0,,
287,7009,Thịt chó vai,,2.0,100g edible portion,63.8,230.0,964.0,18.0,17.6,0.0,0.0,0.6,0.0,20.0,0.7,,,36.0,,,,,,0.0,0.04,0.08,,,,,,,,,,,0.0,0.0,0.0,0.0,,
288,7010,"Thịt cừu, nạc","Mutton meat, lean",2.0,100g edible portion,65.8,219.0,915.0,16.4,17.0,0.0,0.0,0.8,0.0,9.0,6.7,,0.04,177.0,256.0,91.0,2.9,160.0,17.8,3.0,0.17,0.15,,,,,,,1.0,,,,0.0,0.0,0.0,0.0,78.0,182.0
289,7011,"Thịt dê, nạc","Goat, meat, lean",2.0,100g edible portion,74.4,122.0,508.0,20.7,4.3,0.0,0.0,0.6,0.0,11.0,0.71,,0.04,129.0,385.0,82.0,4.0,256.0,8.8,1.0,0.07,0.13,,,,5.0,,,91.0,,,,0.0,0.0,0.0,0.0,57.0,
290,7012,Thịt gà rừng,"Chicken meat, average",58.0,100g edible portion,69.7,141.0,589.0,24.4,4.8,0.0,0.0,1.1,0.0,14.0,0.4,,,263.0,,,,,,,,,,,,,,,,,,,0.0,0.0,0.0,0.0,,
291,7013,Thịt gà ta,Turkey raw flesh and skin giblets,52.0,100g edible portion,65.6,199.0,833.0,20.3,13.1,0.0,0.0,1.0,0.0,12.0,4.31,,0.02,200.0,189.0,70.0,1.5,48.0,14.4,4.0,0.15,0.16,,,0.35,6.0,,,120.0,,,,0.0,0.0,0.0,0.0,75.0,
292,7014,Thịt gà tây,,53.0,100g edible portion,63.6,218.0,913.0,20.1,15.3,0.0,0.0,1.0,0.0,24.0,3.66,,0.02,320.0,236.0,66.0,2.67,127.0,26.4,0.0,0.06,0.08,,,0.29,9.0,,,2.0,,,,0.0,0.0,0.0,0.0,74.0,110.0
293,7015,Thịt hươu,,2.0,100g edible portion,77.9,94.0,393.0,19.0,2.0,0.0,0.0,1.1,0.0,11.0,0.95,,0.04,205.0,318.0,51.0,2.09,253.0,9.7,0.0,0.26,0.6,,,0.37,4.0,,,8.0,,,,0.0,0.0,0.0,0.0,85.0,
294,7016,Thịt lợn mỡ,"Pork, lean and fat",2.0,100g edible portion,47.5,394.0,1647.0,14.5,37.3,0.0,0.0,0.7,0.0,8.0,12.44,,0.01,156.0,253.0,42.0,1.59,55.0,28.4,0.0,0.0,0.0,,,0.284,4.0,,,2.0,,,,0.0,0.0,0.0,0.0,74.0,
295,7017,Thịt lợn nạc,"Pork, medium fat",2.0,100g edible portion,73.0,139.0,582.0,19.0,7.0,0.0,0.0,1.0,0.0,7.0,2.47,,0.01,190.0,341.0,76.0,2.5,190.0,23.9,1.0,0.9,0.18,,,0.415,5.0,,,2.6,,,,0.0,0.0,0.0,0.0,67.0,166.0
296,7018,"Thịt lợn nửa nạc, nửa mỡ",Thịt ngỗng Goose,2.0,100g edible portion,60.9,260.0,1086.0,16.5,21.5,0.0,0.0,1.1,0.0,9.0,7.29,,0.01,178.0,285.0,55.0,1.91,63.0,28.7,2.0,0.53,0.16,,,0.393,4.0,,,2.6,,,,0.0,0.0,0.0,0.0,68.0,
297,7019,Thịt ngỗng,,52.0,100g edible portion,46.1,409.0,1710.0,14.0,39.2,0.0,0.0,0.7,0.0,13.0,9.78,,0.02,210.0,308.0,73.0,1.72,270.0,14.4,4.0,0.2,0.19,,,0.39,4.0,,,17.0,,,,0.0,0.0,0.0,0.0,80.0,165.0
298,1492,736,,2.0,100g edible portion,66.8,176.0,736.0,21.5,10.0,0.0,0.0,1.7,0.0,13.0,3.48,,0.02,200.0,291.0,62.0,4.61,140.0,6.0,1.0,0.07,0.1,,,0.5,8.0,,,2.6,,,,0.0,0.0,0.0,0.0,75.0,200.0
299,7021,Thịt thỏ nhà,"Rabbit meat, raw",45.0,100g edible portion,69.3,158.0,661.0,21.5,8.0,0.0,0.0,1.2,,21.0,1.66,,0.03,224.0,330.0,41.0,1.57,145.0,23.7,0.0,0.08,0.06,,,0.5,8.0,,,1.0,,,,0.0,0.0,0.0,0.0,57.0,132.0
300,7022,Thịt thỏ rừng,"Buffalo meat, average",45.0,100g edible portion,74.3,103.0,431.0,23.5,1.0,0.0,0.0,1.2,,17.0,0.69,,,226.0,378.0,50.0,,,9.4,8.1,0.09,0.06,,,,,,,,,,,0.0,0.0,0.0,0.0,81.0,
301,7023,Thịt trâu,,0.0,100g edible portion,76.3,97.0,408.0,20.4,1.4,0.9,0.0,1.1,,12.0,0.46,,,197.0,297.0,53.0,1.93,151.0,9.0,0.0,0.04,0.2,,,0.53,8.0,,,,,,,0.0,0.0,0.0,0.0,46.0,
302,7024,Thịt trâu bắp,"Buffalo meat, neck",2.0,100g edible portion,74.2,115.0,479.0,21.9,3.0,0.0,0.0,0.9,0.0,30.0,,,,150.0,,,,,,,,,,,,,,,,,,,0.0,0.0,0.0,0.0,,
303,7025,Thịt trâu cổ,"Buffalo meat, leg",2.0,100g edible portion,74.9,112.0,467.0,20.9,3.1,0.0,0.0,1.1,0.0,20.0,,,,160.0,,,,,,,,,,,,,,,,,,,0.0,0.0,0.0,0.0,,
304,7026,Thịt trâu đùi,"Buffalo meat, lean (loin)",2.0,100g edible portion,74.9,112.0,468.0,21.2,3.0,0.0,0.0,0.9,0.0,20.0,,,,215.0,,,,,,,,,,,,,,,,,,,0.0,0.0,0.0,0.0,,
305,7027,Thịt trâu thăn,,2.0,100g edible portion,73.0,121.0,506.0,22.8,3.3,0.0,0.0,0.9,0.0,26.0,3.3,,,165.0,,,,,,3.5,0.06,0.16,,,,,,,5.0,,,,0.0,0.0,0.0,0.0,,
306,7028,Thịt vịt,"Duck meat, average",55.0,100g edible portion,59.5,267.0,1119.0,17.8,21.8,0.0,0.0,0.9,0.0,13.0,7.33,,0.02,145.0,209.0,63.0,1.36,236.0,12.4,3.0,0.07,0.15,,,0.19,13.0,,,270.0,,,,0.0,0.0,0.0,0.0,76.0,138.0
307,7029,Bầu dục bò,,7.0,100g edible portion,84.3,67.0,282.0,12.5,1.8,0.3,0.0,1.1,,9.0,0.87,,0.1,219.0,262.0,200.0,1.92,323.0,141.0,6.0,0.4,1.75,,,0.665,98.0,,,330.0,,,,0.0,0.0,20.0,0.0,411.0,
308,7030,Bầu dục lợn,Bì lợn Pork skin,2.0,100g edible portion,82.5,81.0,339.0,13.0,3.1,0.3,0.0,1.1,0.0,8.0,1.04,,0.1,223.0,390.0,121.0,2.75,445.0,190.0,5.0,0.38,1.12,,,0.44,42.0,,,150.0,,,,0.0,0.0,0.0,0.0,319.0,334.0
309,7031,Bì lợn,,10.0,100g edible portion,73.3,118.0,492.0,23.3,2.7,0.0,0.0,0.7,0.0,11.0,0.4,,,8.0,,,,,,,0.29,0.05,,,,,,,,,,,0.0,0.0,0.0,0.0,,
310,7032,Chân giò lợn (bỏ xương),"Pork, leg",38.0,100g edible portion,64.7,230.0,963.0,15.7,18.6,0.0,0.0,1.0,,24.0,6.54,,0.02,106.0,315.0,47.0,1.93,65.0,29.4,1.0,0.01,0.07,,,0.401,7.0,,,2.6,,,,0.0,0.0,0.0,0.0,73.0,160.0
311,7033,Dạ dày bò,,5.0,100g edible portion,80.5,97.0,406.0,14.8,4.2,0.0,0.0,0.5,0.0,150.0,1.29,,0.09,85.0,67.0,97.0,1.42,70.0,12.5,0.0,0.04,0.2,,,0.014,5.0,,,0.0,,,,0.0,0.0,0.0,0.0,122.0,
312,7034,Dạ dày lợn,"Head beef (without tongue, brain, ears).",2.0,100g edible portion,81.7,85.0,354.0,14.6,2.9,0.0,0.0,0.8,0.0,8.0,4.03,,0.04,144.0,140.0,75.0,1.85,169.0,31.1,0.0,0.05,0.18,,,0.034,3.0,,,0.0,,,,0.0,0.0,0.0,0.0,223.0,
313,7035,Đầu bò,,68.0,100g edible portion,68.7,185.0,774.0,18.1,12.5,0.0,0.0,0.7,0.0,,,,,,,,,,,,,,,,,,,,,,,,0.0,0.0,0.0,0.0,,
314,7036,Đầu lợn,,68.0,100g edible portion,54.6,335.0,1403.0,13.4,31.3,0.0,0.0,0.7,0.0,,,,,,,,,,,,,,,,,,,,,,,,0.0,0.0,0.0,0.0,,
315,7037,Đuôi bò,,46.0,100g edible portion,73.0,137.0,574.0,19.7,6.5,0.0,0.0,0.8,0.0,7.0,2.5,,,162.0,,,,,,5.4,0.03,0.03,,,,,,,,,,,0.0,0.0,0.0,0.0,,
316,7038,Đuôi lợn,,30.0,100g edible portion,41.8,467.0,1954.0,10.8,47.1,0.0,0.0,0.3,,18.0,11.64,,0.01,50.0,349.0,63.0,2.31,84.0,2.7,0.0,0.21,0.11,,,0.37,5.0,,,0.0,,,,0.0,0.0,0.0,0.0,97.0,
317,7039,Gan bò,,0.0,100g edible portion,75.2,109.0,458.0,17.4,3.1,3.0,0.0,1.3,,5.0,1.23,,0.3,340.0,213.0,110.0,4.0,1500.0,39.7,30.0,0.4,3.0,,,1.083,290.0,,,5000.0,,,,621.0,232.0,13.0,0.0,275.0,
318,7040,Gan gà,,0.0,100g edible portion,75.0,111.0,466.0,18.2,3.4,2.0,0.0,1.4,,21.0,1.56,,0.2,260.0,335.0,71.0,2.67,300.0,54.6,7.0,0.38,1.63,,,0.853,588.0,,,210.0,,,,56.0,11.0,40.0,0.0,345.0,243.0
319,7041,Gan lợn,Gan lợn Pork liver,0.0,100g edible portion,74.1,116.0,484.0,18.8,3.6,2.0,0.0,1.5,,7.0,1.17,,0.3,353.0,447.0,110.0,5.76,510.0,52.7,18.0,0.4,2.11,,,0.69,211.0,,,6000.0,,,,,,,0.0,301.0,515.0
320,7042,Gan vịt,,0.0,100g edible portion,74.1,122.0,510.0,17.1,4.7,2.8,0.0,1.3,,17.0,1.14,,0.26,177.0,230.0,140.0,3.07,5962.0,67.0,7.0,0.44,1.28,,,0.76,738.0,,,11984.0,,,,,,,0.0,515.0,
321,7043,Gân chân bò,,0.0,100g edible portion,69.2,124.0,517.0,30.2,0.3,0.0,0.0,0.3,,,,,,,,,,,,,,,,,,,,,,,,,0.0,0.0,0.0,0.0,,
322,7044,Lưỡi bò,,8.0,100g edible portion,73.2,164.0,687.0,13.6,12.1,0.2,0.0,0.9,,7.0,7.0,,0.03,162.0,315.0,69.0,2.87,170.0,9.4,3.0,0.07,0.15,,,0.31,7.0,,,0.0,,,,0.0,0.0,0.0,0.0,87.0,
323,7045,Lưỡi lợn,,3.0,100g edible portion,70.8,178.0,743.0,14.2,12.8,1.4,0.0,0.8,0.0,7.0,5.96,,0.01,118.0,243.0,110.0,3.01,70.0,10.4,4.0,0.08,0.23,,,0.24,4.0,,,0.0,,,,0.0,0.0,0.0,0.0,101.0,136.0
324,7046,Lòng lợn (ruột già),Hog intestine small raw without fat,2.0,100g edible portion,76.6,167.0,697.0,6.9,15.1,0.8,0.0,0.6,,12.0,0.5,,,55.0,,,,,,1.6,0.09,0.08,,,,,,,,,,,0.0,0.0,0.0,0.0,,
325,7047,Lòng lợn (ruột non),,2.0,100g edible portion,90.5,44.0,183.0,7.2,1.3,0.8,0.0,0.2,,7.0,0.8,,,48.0,,,,,,1.6,0.09,0.08,,,,,,,,,,,0.0,0.0,0.0,0.0,,
326,1278,675,,4.0,100g edible portion,75.6,99.0,415.0,21.3,1.3,0.6,0.0,1.2,0.0,48.0,0.53,,0.06,150.0,237.0,69.0,2.72,116.0,25.5,4.0,0.04,0.2,,,0.112,5.0,,,1.0,,,,0.0,0.0,0.0,0.0,240.0,
327,7049,ểc bò,,8.0,100g edible portion,79.4,124.0,517.0,9.0,9.5,0.5,0.0,1.6,,6.0,2.3,,0.03,311.0,274.0,126.0,1.02,287.0,21.3,11.0,0.13,0.21,,,0.226,3.0,,,0.0,,,,88.0,0.0,0.0,0.0,3010.0,
328,7050,ểc lợn,,8.0,100g edible portion,80.1,123.0,515.0,9.0,9.5,0.4,0.0,1.0,,7.0,2.08,,0.09,311.0,258.0,120.0,1.27,240.0,15.9,14.0,0.14,0.19,,,0.19,6.0,,,0.0,,,,0.0,0.0,0.0,0.0,2195.0,83.0
329,7051,Phổi bò,,8.0,100g edible portion,79.1,103.0,431.0,15.2,4.7,0.0,0.0,1.0,,10.0,0.86,,0.02,195.0,340.0,198.0,1.61,260.0,44.3,39.0,0.1,0.14,,,0.04,11.0,,,14.0,,,,0.0,0.0,0.0,0.0,242.0,
330,7052,Phổi lợn,"Hog lung, raw",8.0,100g edible portion,80.6,92.0,383.0,14.8,3.6,0.0,0.0,1.0,,9.0,0.96,,0.02,230.0,303.0,153.0,2.03,83.0,17.8,12.0,0.02,0.14,,,0.1,3.0,,,0.0,,,,0.0,0.0,0.0,0.0,320.0,
331,7053,Sườn lợn (bỏ xương),"Pork, ribs",57.0,100g edible portion,68.2,187.0,782.0,17.9,12.8,0.0,0.0,1.1,0.0,7.0,6.45,,0.01,160.0,200.0,60.0,3.6,100.0,6.9,0.0,0.96,0.23,,,0.26,2.0,,,2.6,,,,0.0,0.0,0.0,0.0,65.0,
332,7054,Tai lợn,,4.0,100g edible portion,72.9,126.0,528.0,21.0,4.1,1.3,0.0,0.7,,21.0,1.46,,0.12,41.0,55.0,191.0,0.19,6.0,4.3,0.0,0.08,0.11,,,0.02,0.0,,,0.0,,,,0.0,0.0,0.0,0.0,82.0,
333,7055,Tim bò,,8.0,100g edible portion,80.4,89.0,374.0,15.0,3.0,0.6,0.0,1.0,,5.0,1.38,,0.04,185.0,287.0,98.0,1.7,396.0,21.8,7.0,0.31,0.49,,,0.279,3.0,,,2.0,,,,0.0,0.0,17.0,0.0,124.0,
334,7056,Tim gà,,0.0,100g edible portion,77.5,114.0,475.0,16.0,5.5,0.0,0.0,1.0,,12.0,1.57,,0.09,177.0,176.0,74.0,6.59,346.0,4.3,3.0,0.15,0.73,,,0.36,72.0,,,9.0,,,,0.0,0.0,0.0,0.0,136.0,
335,7057,Tim lợn,,6.0,100g edible portion,79.5,94.0,393.0,15.1,3.2,1.2,0.0,1.0,,7.0,1.16,,0.06,213.0,294.0,56.0,2.8,408.0,10.4,1.0,0.34,0.49,,,0.39,4.0,,,18.2,,,,0.0,0.0,0.0,0.0,131.0,
336,7058,Tiết bò,"Hog blood, boiled",0.0,100g edible portion,80.4,75.0,315.0,18.0,0.2,0.4,0.0,1.0,,8.0,52.6,,,31.0,,,,,,0.6,0.09,0.03,,,,,,,30.0,,,,0.0,0.0,0.0,0.0,,
337,7059,Tiết lợn luộc,,0.0,100g edible portion,86.8,44.0,183.0,10.7,0.1,0.0,0.0,2.4,0.0,7.0,25.9,,,12.0,,,,,,0.6,0.0,0.1,,,,,,,93.0,,,,0.0,0.0,0.0,0.0,,
338,1295,960,Beef bone marrow,0.0,100g edible portion,91.9,25.0,103.0,5.7,0.1,0.2,0.0,2.1,,7.0,20.4,,,7.0,,,,,,0.6,,0.1,,,,,,,26.0,,,,0.0,0.0,0.0,0.0,,
339,7061,Tủy xương bò,"Hog, bone marrow",0.0,100g edible portion,8.7,814.0,3404.0,1.1,89.9,0.0,0.0,0.3,0.0,89.0,,,,,,,,,,0.1,,0.01,,,,,,,,,,,0.0,0.0,0.0,0.0,,
340,7062,Tủy xương lợn,,0.0,100g edible portion,15.0,749.0,3134.0,2.3,82.2,0.0,0.0,0.5,0.0,,,,,,,,,,,,,,,,,,,,,,,,0.0,0.0,0.0,0.0,,
341,7063,Ba tê,,0.0,100g edible portion,47.5,326.0,1365.0,10.8,24.6,15.4,0.0,1.7,,26.0,4.2,,,88.0,,,,,,0.0,,,,,,,,,,,,,0.0,0.0,0.0,0.0,,
342,7064,Chả lợn,,0.0,100g edible portion,32.6,517.0,2164.0,10.8,50.4,5.1,0.0,1.1,,20.0,,,,100.0,,,,,,0.0,,,,,,,,,,,,,0.0,0.0,0.0,0.0,,
343,7065,Chả quế lợn,"Ham, pork",0.0,100g edible portion,42.5,416.0,1740.0,16.2,39.0,0.0,0.0,2.3,0.0,16.0,2.1,,,45.0,,,,,,0.0,,,,,,,,,,,,,0.0,0.0,0.0,0.0,,
344,7066,Dăm bông lợn,Blood mix-pudding with viscera in large intestine,0.0,100g edible portion,48.7,318.0,1331.0,23.0,25.0,0.3,0.0,3.0,,10.0,2.1,,,110.0,,,,,,0.0,0.4,0.19,,,,,,,,,,,0.0,0.0,0.0,0.0,,
345,7067,Dồi lợn,,0.0,100g edible portion,78.9,114.0,475.0,12.4,7.1,0.0,0.0,1.6,0.0,28.0,,,,23.0,,,,,,0.0,,,,,,,,,,,,,0.0,0.0,0.0,0.0,,
346,7068,Giò bò,"Pork, mince lean meat steamed",0.0,100g edible portion,48.8,357.0,1492.0,13.8,33.5,0.0,0.0,3.9,0.0,18.0,3.2,,,12.0,,,,,,0.0,,,,,,,,,,,,,0.0,0.0,0.0,0.0,,
347,7069,Giò lụa,,0.0,100g edible portion,72.0,136.0,567.0,21.5,5.5,0.0,0.0,1.0,0.0,,,,,,,,,,,0.0,,,,,,,,,,,,,0.0,0.0,0.0,0.0,,
348,7070,Giò thủ lợn,,0.0,100g edible portion,29.0,553.0,2312.0,16.0,54.3,0.0,0.0,0.7,0.0,,,,,,,,,,,0.0,,,,,,,,,,,,,0.0,0.0,0.0,0.0,,
349,7071,Lạp xường,,0.0,100g edible portion,18.8,585.0,2448.0,20.8,55.0,1.7,0.0,3.7,,52.0,3.0,,,175.0,,,,,,0.0,0.46,0.24,,,,,,,,,,,0.0,0.0,0.0,0.0,,
350,7072,Nem chạo,"Pork mince, fermented",0.0,100g edible portion,68.1,153.0,638.0,16.6,6.5,6.9,0.0,1.9,,24.0,1.6,,,,,,,,,0.0,,,,,,,,,,,,,0.0,0.0,0.0,0.0,,
351,7073,Nem chua,,0.0,100g edible portion,68.0,137.0,574.0,21.7,3.7,4.3,0.0,2.3,,24.0,,,,78.0,,,,,,0.0,,,,,,,,,,,,,0.0,0.0,0.0,0.0,,
352,7074,Ruốc thịt lợn,,0.0,100g edible portion,25.8,369.0,1544.0,46.6,20.3,0.0,0.0,7.3,0.0,29.0,0.3,,,16.0,,,,,,0.0,,,,,,,,,,,,,0.0,0.0,0.0,0.0,,
353,7075,Thịt bò khô,"Buffalo meat, dried",0.0,100g edible portion,32.4,239.0,1001.0,51.0,1.6,5.2,0.0,9.8,,31.0,8.1,,,476.0,,,,,,0.0,0.13,0.19,,,,,,,,,,,0.0,0.0,0.0,0.0,,
354,7076,Thịt trâu khô,,0.0,100g edible portion,36.4,226.0,945.0,50.4,2.7,0.0,0.0,10.5,0.0,,,,,,,,,,,0.0,,,,,,,,,,,,,0.0,0.0,0.0,0.0,,
355,7077,Xúc xích,,2.0,100g edible portion,17.0,535.0,2240.0,27.2,47.4,0.0,0.0,8.4,0.0,7.0,1.9,,,139.0,,,,,,0.0,0.34,,,,,,,,,,,,0.0,0.0,0.0,0.0,,
356,7078,Bét cãc,Châu chấu Locust,0.0,100g edible portion,7.2,342.0,1432.0,55.4,13.4,0.0,0.0,24.0,0.0,,,,,,,,,,,0.0,,,,,,,,,,,,,0.0,0.0,0.0,0.0,,
357,7079,Châu chấu,,20.0,100g edible portion,71.1,130.0,542.0,24.3,3.6,0.0,0.0,1.0,0.0,210.0,0.4,,,270.0,,,,,,0.0,,,,,,,,,,,,,0.0,0.0,0.0,0.0,,
358,7080,Ếch (thịt đùi),Frog,0.0,100g edible portion,75.0,90.0,376.0,20.0,1.1,0.0,0.0,3.9,0.0,18.0,0.08,,,147.0,285.0,58.0,1.0,250.0,14.1,0.0,0.14,0.25,,,0.12,15.0,,,15.0,,,,0.0,0.0,0.0,0.0,50.0,
359,7081,Nhéng,Chicken giblets,2.0,100g edible portion,79.7,111.0,462.0,13.0,6.5,0.0,0.0,0.8,0.0,40.0,,,,109.0,,,,,,0.0,,,,,,,,,,,,,0.0,0.0,0.0,0.0,,
360,7082,Lòng gà (cả bộ),"NHểM 8 – THỦY SẢN VÀ SẢN PHẨM CHẾ BIẾN GROUP 8 - FISH, SHELLFISH AND PRODUCTS",0.0,100g edible portion,74.9,119.0,498.0,17.9,4.5,1.8,0.0,1.0,,10.0,1.36,,0.15,197.0,228.0,77.0,3.32,243.0,55.2,16.0,0.09,0.99,,,0.42,345.0,,,2657.0,,,,0.0,0.0,0.0,0.0,262.0,
361,8001,Cá bống,Pond fish,45.0,100g edible portion,81.9,70.0,295.0,15.8,0.8,0.0,0.0,1.5,0.0,17.0,0.9,,,181.0,,,,,,0.0,0.02,0.04,,,,,,,,,,,0.0,0.0,0.0,0.0,,
362,8002,Cá chày,Carp,31.0,100g edible portion,75.1,113.0,472.0,20.1,3.6,0.0,0.0,1.2,0.0,63.0,0.2,,,176.0,,,,,,0.0,,,,,,,,,,,,,0.0,0.0,0.0,0.0,,
363,8003,Cá chép,,40.0,100g edible portion,79.1,96.0,403.0,16.0,3.6,0.0,0.0,1.3,0.0,17.0,1.08,,0.04,184.0,397.0,49.0,1.48,57.0,12.6,0.0,0.02,0.04,,,0.19,15.0,,,181.0,,,,0.0,0.0,0.0,0.0,70.0,160.0
364,8004,Cá da,,,100g edible portion,75.6,115.0,483.0,17.6,5.0,0.0,0.0,1.8,0.0,64.0,,,,70.0,,,,,,0.0,,,,,,,,,,,,,0.0,0.0,0.0,0.0,,
365,8005,Cá dầu,"Mullet, harder",10.0,100g edible portion,75.1,96.0,403.0,18.9,2.3,0.0,0.0,3.7,0.0,527.0,,,,885.0,,,,,,0.0,,,,,,,,,,,,,0.0,0.0,0.0,0.0,,
366,8006,Cá diếc,"Sawfish, wolfherring",45.0,100g edible portion,78.9,87.0,364.0,17.7,1.8,0.0,0.0,1.6,0.0,70.0,0.8,,,152.0,,,,,,0.0,,,,,,,,,120.0,,,,0.0,0.0,0.0,0.0,,
367,8007,Cá đao,,,100g edible portion,78.3,94.0,393.0,18.3,2.3,0.0,0.0,1.1,0.0,36.0,,,,50.0,,,,,,0.0,,,,,,,,,,,,,0.0,0.0,0.0,0.0,,
368,8008,Cá đé,"Mullet, gray mullet",,100g edible portion,78.8,83.0,347.0,18.7,0.9,0.0,0.0,1.6,0.0,80.0,,,,130.0,,,,,,0.0,,,,,,,,,,,,,0.0,0.0,0.0,0.0,,
369,8009,Cá đối,Goby,42.0,100g edible portion,76.0,108.0,451.0,19.5,3.3,0.0,0.0,1.2,0.0,21.0,1.12,,0.02,224.0,357.0,65.0,0.52,51.0,36.5,0.0,0.07,0.15,,,0.425,9.0,,,45.0,,,,0.0,0.0,0.0,0.0,49.0,
370,8010,Cá đồng tiền,Salmon,,100g edible portion,76.4,98.0,412.0,20.1,2.0,0.0,0.0,1.5,0.0,90.0,,,,100.0,,,,,,0.0,,,,,,,,,,,,,0.0,0.0,0.0,0.0,,
371,8011,Cá hồi,"Dried fish, miscellaneous",40.0,100g edible portion,71.3,136.0,568.0,22.0,5.3,0.0,0.0,1.4,0.0,13.0,1.26,,0.01,230.0,423.0,46.0,0.41,51.0,36.5,0.0,0.22,0.07,,,0.549,9.0,,,30.0,,,,0.0,0.0,0.0,0.0,45.0,170.0
372,8012,"Cá khô(chim, thu, nụ, đé)",,15.0,100g edible portion,37.8,208.0,872.0,43.3,3.9,0.0,0.0,15.0,0.0,120.0,0.9,,,95.0,,,,,,0.0,0.08,0.31,,,,,,,,,,,0.0,0.0,0.0,0.0,,
373,8013,Cá lác,"Hypophthalmichthys, chub, dory, tench bream",,100g edible portion,78.1,71.0,298.0,16.7,0.5,0.0,0.0,4.7,0.0,80.0,,,,210.0,,,,,,0.0,,,,,,,,,,,,,0.0,0.0,0.0,0.0,,
374,8014,Cá mè,Sardin,36.0,100g edible portion,74.7,144.0,600.0,15.4,9.1,0.0,0.0,0.8,0.0,157.0,,,,215.0,,,,,,0.0,,,,,,,,,,,,,0.0,0.0,0.0,0.0,,
375,8015,Cá mòi (cá sardin),,45.0,100g edible portion,75.3,124.0,519.0,17.5,6.0,0.0,0.0,1.2,0.0,80.0,3.0,,,240.0,,100.0,,170.0,58.0,0.0,0.02,0.15,,,0.96,,,,20.0,,,,0.0,0.0,0.0,0.0,,345.0
376,8016,Cá mỡ,,0.0,100g edible portion,72.7,151.0,631.0,16.8,9.3,0.0,0.0,1.2,0.0,42.0,1.4,,,173.0,,,,,,0.0,0.08,0.21,,,,,,,30.0,,,,0.0,0.0,0.0,0.0,200.0,
377,8017,Cá mối,Fish low fat,,100g edible portion,73.3,116.0,487.0,22.1,3.1,0.0,0.0,1.5,0.0,60.0,,,,102.0,,,,,,0.0,,,,,,,,,,,,,0.0,0.0,0.0,0.0,,
378,8018,Cá nạc,"Flying fish, tuna",39.0,100g edible portion,80.0,80.0,334.0,17.5,1.1,0.0,0.0,1.4,0.0,42.0,1.4,,,173.0,,,,,,0.0,0.06,0.08,,,,,,,,,,,0.0,0.0,0.0,0.0,,
379,8019,Cá ngừ,,42.0,100g edible portion,77.5,87.0,363.0,21.0,0.3,0.0,0.0,1.2,0.0,44.0,0.24,,0.01,206.0,518.0,78.0,0.52,64.0,36.5,1.0,0.02,0.08,,,0.9,2.0,,,1.5,,,,0.0,0.0,0.0,0.0,45.0,
380,8020,Cá nục,"Scad, anchovy",,100g edible portion,74.9,111.0,462.0,20.2,3.3,0.0,0.0,1.6,0.0,85.0,1.28,,0.07,160.0,383.0,104.0,1.72,211.0,36.5,0.0,0.06,0.26,,,0.143,9.0,,,15.0,,,,0.0,0.0,0.0,0.0,60.0,
381,8021,Cá phèn,"Fish, snake head",,100g edible portion,78.2,104.0,436.0,15.9,4.5,0.0,0.0,1.4,0.0,40.0,,,,50.0,,,,,,0.0,,,,,,,,,,,,,0.0,0.0,0.0,0.0,,
382,8022,Cá quả,Anabas,40.0,100g edible portion,78.0,97.0,406.0,18.2,2.7,0.0,0.0,1.1,0.0,90.0,,,,240.0,,,,,,0.0,0.04,0.12,,,,,,,,,,,0.0,0.0,0.0,0.0,600.0,
383,8023,Cá rô đồng,"Tilapia, African carp",44.0,100g edible portion,74.2,126.0,527.0,19.1,5.5,0.0,0.0,1.2,0.0,26.0,0.25,,,151.0,,,,,,0.0,,,,,,,,,,,,,0.0,0.0,0.0,0.0,,
384,8024,Cá rô phi,"Flounder, sole, turbot",43.0,100g edible portion,76.8,100.0,416.0,19.7,2.3,0.0,0.0,1.2,0.0,50.0,0.53,,,148.0,,,,,,0.0,,,,,,,,,,,,,0.0,0.0,0.0,0.0,,
385,8025,Cá thờn bơn,"Mackerel, codfish, kingfish",,100g edible portion,81.3,73.0,306.0,17.4,0.4,0.0,0.0,0.9,0.0,36.0,,,,45.0,,,,,,0.0,,,,,,,,,,,,,0.0,0.0,0.0,0.0,13.0,
386,8026,Cá thu,,35.0,100g edible portion,70.2,166.0,692.0,18.2,10.3,0.0,0.0,1.3,0.0,50.0,2.42,,,90.0,486.0,110.0,,200.0,,0.0,0.07,0.17,,,,,,,7.0,,,,0.0,0.0,0.0,0.0,,145.0
387,8027,Cá thu đao,Loach,30.0,100g edible portion,70.3,156.0,651.0,20.0,8.4,0.0,0.0,1.3,0.0,22.0,2.25,,0.02,190.0,406.0,86.0,0.67,93.0,36.5,0.0,0.05,0.1,,,0.33,2.0,,,35.0,,,,0.0,0.0,0.0,0.0,47.0,
388,8028,Cá trạch,"Carp, amur",26.0,100g edible portion,74.2,110.0,462.0,20.4,3.2,0.0,0.0,2.2,0.0,109.0,0.2,,,231.0,,,,,,0.0,,,,,,,,,,,,,0.0,0.0,0.0,0.0,,
389,8029,Cá trắm cỏ,"Catfish, silurus, sheatfish, hito",35.0,100g edible portion,79.4,91.0,382.0,17.0,2.6,0.0,0.0,1.0,0.0,57.0,0.1,,,145.0,,,,,,0.0,,,,,,,,,,,,,0.0,0.0,0.0,0.0,,
390,8030,Cá trê,Herring,40.0,100g edible portion,70.4,173.0,724.0,16.5,11.9,0.0,0.0,1.2,0.0,20.0,1.77,,0.02,210.0,299.0,53.0,0.74,101.0,12.6,0.0,0.1,0.04,,,0.188,10.0,,,93.0,,,,0.0,0.0,0.0,0.0,47.0,
391,8031,Cá trích,"Major carp, mud carp; cirrhina molitorella",35.0,100g edible portion,70.5,166.0,695.0,17.7,10.6,0.0,0.0,1.2,0.0,64.0,3.26,,0.02,174.0,423.0,160.0,0.53,300.0,36.5,0.0,0.02,0.18,,,0.45,5.0,,,10.0,,,,0.0,0.0,0.0,0.0,406.0,210.0
392,8032,Cá trôi,"Crab, sea water",27.6,100g edible portion,74.3,127.0,529.0,18.8,5.7,0.0,0.0,1.2,0.0,76.0,0.05,,,185.0,,,,,,0.0,,,,,,,,,,,,,0.0,0.0,0.0,0.0,,
393,8033,Cua bể,"Crab, fresh water",40.0,100g edible portion,72.2,103.0,433.0,17.5,0.6,7.0,0.0,2.7,,141.0,0.09,,,191.0,322.0,316.0,1.4,,,0.0,0.03,0.71,,,,,,,36.0,,,,0.0,0.0,0.0,0.0,78.0,
394,8034,Cua đồng,,69.0,100g edible portion,74.4,87.0,364.0,12.3,3.3,2.0,0.0,8.0,,120.0,1.4,,,171.0,266.0,453.0,,,,0.0,0.01,0.51,,,,,,,210.0,,,,0.0,0.0,0.0,0.0,,
395,8035,Cua ghẹ,Crab,68.0,100g edible portion,85.5,54.0,226.0,11.9,0.7,0.0,0.0,1.9,0.0,89.0,0.22,,0.15,229.0,329.0,293.0,3.54,669.0,37.4,0.0,0.03,0.71,,,0.15,44.0,,,2.0,,,,0.0,0.0,0.0,0.0,78.0,
396,8036,Hải sâm,,0.0,100g edible portion,76.9,90.0,374.0,21.5,0.3,0.2,0.0,1.1,,118.0,1.4,,,22.0,,,,,,0.0,0.01,0.02,,,,,,,102.0,,,,0.0,0.0,0.0,0.0,,
397,8037,Hến,"Eel, silver - pike",82.0,100g edible portion,88.8,45.0,187.0,4.5,0.7,5.1,0.0,0.9,,144.0,1.6,,,86.0,,,,,,0.0,,0.12,,,,,,,,,,,0.0,0.0,0.0,0.0,,
398,8038,Lươn,,35.0,100g edible portion,68.3,180.0,752.0,18.4,11.7,0.2,0.0,1.4,,35.0,2.36,,0.04,164.0,272.0,51.0,1.62,23.0,6.5,0.0,0.15,0.31,,,0.067,15.0,,,1800.0,,,,0.0,0.0,0.0,0.0,126.0,
399,8039,Mực khô,,4.0,100g edible portion,26.2,291.0,1217.0,60.1,4.5,2.5,0.0,6.7,,27.0,5.6,,,287.0,,,,,,0.0,0.13,0.17,,,,,,,,,,,0.0,0.0,0.0,0.0,,
400,8040,Mực tươi,,22.0,100g edible portion,81.4,73.0,307.0,16.3,0.9,0.0,0.0,1.4,,14.0,0.36,,0.04,150.0,273.0,44.0,0.7,1891.0,44.8,5.0,0.01,0.06,,,0.056,5.0,,,10.0,,,,0.0,0.0,0.0,0.0,233.0,
401,8041,Ốc bươu,"Marble snail, edible",67.0,100g edible portion,76.8,84.0,351.0,11.1,0.7,8.3,0.0,3.1,,1310.0,,,,64.0,,,,,,0.0,,,,,,,,,,,,,0.0,0.0,0.0,0.0,,
402,8042,Ốc đá,"Snail large, edible",80.0,100g edible portion,80.3,63.0,264.0,11.2,0.3,3.9,0.0,4.3,,1660.0,,,,83.0,,,,,,0.0,,,,,,,,,,,,,0.0,0.0,0.0,0.0,,
403,8043,Ốc nhồi,Helix,79.0,100g edible portion,77.6,84.0,353.0,11.9,0.7,7.6,0.0,2.2,,1357.0,,,,191.0,,,,,,0.0,0.05,0.17,,,,,,,,,,,0.0,0.0,0.0,0.0,,
404,8044,Ốc vặn,"Small sea - crab bicled, steamed",70.0,100g edible portion,79.1,72.0,303.0,12.2,0.7,4.3,0.0,3.7,,1356.0,,,,51.0,,,,,,0.0,,,,,,,,,,,,,0.0,0.0,0.0,0.0,,
405,8045,"Rạm (muối, đồ)",Small sea - crab,50.0,100g edible portion,64.4,83.0,347.0,14.2,2.9,0.0,0.0,18.5,0.0,4820.0,,,,330.0,,,,,,0.0,,,,,,,,,,,,,0.0,0.0,0.0,0.0,,
406,8046,Rạm tươi,Tylorhynchus sinensis,50.0,100g edible portion,78.2,77.0,321.0,12.9,2.8,0.0,0.0,6.1,0.0,3520.0,,,,180.0,,,,,,0.0,,,,,,,,,,,,,0.0,0.0,0.0,0.0,,
407,8047,Rươi,,5.0,100g edible portion,81.9,89.0,373.0,12.4,4.4,0.0,0.0,1.3,0.0,66.0,1.8,,,57.0,,,,,,0.0,,,,,,,,,,,,,0.0,0.0,0.0,0.0,,
408,8048,Sò,Oyster,80.0,100g edible portion,82.1,78.0,328.0,9.5,2.3,4.9,0.0,1.2,,37.0,0.51,,0.6,82.0,223.0,380.0,13.4,1576.0,77.0,0.0,0.03,0.15,,,0.05,10.0,,,41.0,,,,0.0,0.0,0.0,0.0,50.0,90.0
409,8049,Tép gạo,,8.0,100g edible portion,84.5,58.0,241.0,11.7,1.2,0.0,0.0,2.6,0.0,910.0,,,,218.0,,,,,,0.0,,,,,,,,,,,,,,,,,,
410,8050,Tép khô,"Sea shrimp, sea-water shrimp",5.0,100g edible portion,23.0,269.0,1125.0,59.8,3.0,0.7,0.0,13.5,,2000.0,5.5,,,605.0,,,,,,0.0,0.03,0.07,,,,,,,,,,,,,,,,
411,8051,Tôm biển,Fresh-water shrimp,54.0,100g edible portion,79.2,82.0,344.0,17.6,0.9,0.9,0.0,1.4,,79.0,0.33,,0.05,184.0,185.0,148.0,1.11,264.0,38.0,0.0,0.04,0.08,,,0.104,3.0,,,5.0,,,,5.0,,,,152.0,147.0
412,8052,Tôm đồng,"Shrimp, dried",10.0,100g edible portion,76.9,90.0,376.0,18.4,1.8,0.0,0.0,2.9,0.0,1120.0,2.2,,,150.0,316.0,418.0,,,58.8,0.0,0.02,0.03,,,,,,,15.0,,,,,,,,,
413,8053,Tôm khô,,5.0,100g edible portion,12.6,347.0,1450.0,75.6,3.8,2.5,0.0,5.5,,236.0,4.6,,,995.0,,,,,,0.0,0.16,0.34,,,,,,,,,,,,,,,,
414,1013,1141,Manodonta,60.0,100g edible portion,89.9,38.0,160.0,4.6,1.1,2.5,0.0,1.9,,668.0,0.09,,0.5,107.0,314.0,56.0,1.37,344.0,24.3,0.0,0.02,0.46,,,0.06,16.0,,,90.0,,,,0.0,0.0,0.0,0.0,34.0,
415,1073,1182,,0.0,100g edible portion,3.8,676.0,2827.0,1.6,59.2,34.1,0.0,1.3,,175.0,,,,30.0,,,,,,0.0,,,,,,,,,,,,,0.0,0.0,0.0,0.0,,
416,8056,Bánh phồng tôm sống,Fish flour with bones,0.0,100g edible portion,12.0,381.0,1596.0,3.4,7.4,75.3,0.0,1.9,,258.0,,,,50.0,,,,,,0.0,,,,,,,,,,,,,0.0,0.0,0.0,0.0,,
417,8057,Bột cá,"Shredded snake-head fish, salted and dried",0.0,100g edible portion,11.6,323.0,1351.0,71.2,2.9,3.0,0.0,11.3,,505.0,50.0,,,207.0,,,,,,0.0,0.03,0.38,,,,,,,,,,,0.0,0.0,0.0,0.0,,
418,8058,Ruốc cá quả,"Shredded shrimp, salted and dried",0.0,100g edible portion,14.0,312.0,1304.0,65.7,4.1,3.0,0.0,13.2,,26.0,,,,654.0,,,,,,0.0,,,,,,,,,,,,,0.0,0.0,0.0,0.0,,
419,8059,Ruốc tôm,NHểM 9 – TRỨNG VÀ SẢN PHẨM CHẾ BIẾN GROUP 9 - EGG AND PRODUCTS,0.0,100g edible portion,13.1,305.0,1275.0,65.5,3.1,3.7,0.0,14.6,,,,,,,,,,,,0.0,,,,,,,,,,,,,,,,,,
420,9001,Trứng gà,"Hen egg, yolk",14.0,100g edible portion,72.0,166.0,693.0,14.8,11.6,0.5,0.0,1.1,0.77,55.0,3.1,,0.04,210.0,176.0,158.0,0.9,55.0,31.7,0.0,0.16,0.31,,,0.143,47.0,,,25.0,,,,0.0,0.0,0.0,55.0,470.0,
421,9002,Lòng đỏ trứng gà,"Hen egg, white",0.0,100g edible portion,54.0,327.0,1366.0,13.6,29.8,1.0,0.0,1.6,0.56,134.0,9.55,,0.06,532.0,169.0,108.0,3.7,125.0,18.3,0.0,0.32,0.52,,,0.35,146.0,,,60.0,,,,88.0,38.0,0.0,1094.0,2000.0,
422,9003,Lòng trắng trứng gà,"Duck egg, whole",0.0,100g edible portion,88.0,46.0,193.0,10.3,0.1,1.0,0.0,0.6,0.71,19.0,0.0,,0.01,16.0,172.0,215.0,0.2,25.0,6.8,0.0,0.01,0.26,,,0.005,4.0,,,0.0,,,,0.0,0.0,0.0,0.0,0.0,
423,9004,Trứng vịt,"Duck egg, yolk",12.0,100g edible portion,70.0,184.0,769.0,13.0,14.2,1.0,0.0,1.8,0.93,71.0,3.68,,0.04,210.0,258.0,191.0,0.8,62.0,36.4,0.0,0.15,0.3,,,0.25,80.0,,,360.0,,,,14.0,0.0,0.0,459.0,884.0,
424,9005,Lòng đỏ trứng vịt,"Duck egg, white",0.0,100g edible portion,47.5,364.0,1524.0,13.6,32.3,4.8,0.0,1.8,,146.0,5.6,,,328.0,,,,,,0.0,0.54,0.94,,,,,,,1625.0,,,,695.0,,,,,
425,9006,Lòng trắng trứng vịt,Quail egg,0.0,100g edible portion,87.8,47.0,196.0,10.7,0.1,0.8,0.0,0.6,0.0,6.0,,,,8.0,,,,,,0.0,,0.2,,,,,,,0.0,,,,0.0,0.0,0.0,0.0,,
426,9007,Trứng chim cút,Trứng cá Fish roe,11.0,100g edible portion,74.4,154.0,643.0,13.1,11.1,0.4,0.0,1.1,0.41,64.0,3.56,,0.04,226.0,132.0,141.0,1.47,62.0,32.0,0.0,0.13,0.79,,,0.15,66.0,,,155.0,,,,11.0,0.0,0.0,369.0,844.0,
427,9008,Trứng cá,"Fish caviar, black and red, granule",0.0,100g edible portion,64.9,171.0,716.0,20.5,9.9,0.0,0.0,4.7,,28.0,1.1,,,230.0,,,,,,24.0,0.93,0.65,,,,,,,,,,,,,,,,
428,9009,Trứng cá muối,"Duck egg, embryonated",0.0,100g edible portion,47.5,274.0,1144.0,24.6,17.9,3.5,0.0,6.5,0.0,275.0,4.06,,0.05,356.0,181.0,1500.0,0.95,110.0,65.5,0.0,0.19,0.62,,,0.32,50.0,,,561.0,,,,0.0,0.0,0.0,720.0,588.0,
429,9010,Trứng vịt lộn,Chicken egg powder,12.0,100g edible portion,67.0,182.0,761.0,13.6,12.4,4.0,0.0,3.0,,82.0,3.0,,,212.0,,,,,,3.0,0.12,0.25,,,,,,,875.0,,,,435.0,,,,,
430,9011,Bột trứng,NHểM 10 – SỮA VÀ SẢN PHẨM CHẾ BIẾN GROUP10 - MILK AND PRODUCTS,0.0,100g edible portion,8.5,563.0,2356.0,44.0,42.2,1.8,0.0,3.5,,186.0,9.3,,,786.0,,,,,,0.2,0.35,1.23,,,,,,,1340.0,,,,770.0,,,,,
431,10001,Sữa bò tươi,"Milk goat's, whole",0.0,100g edible portion,86.2,74.0,311.0,3.9,4.4,4.8,0.0,0.7,5.26,120.0,1.87,,0.0,95.0,143.0,380.0,0.4,20.0,1.2,1.0,0.05,0.19,,,0.036,5.0,,,1.4,,,,22.0,0.0,0.0,0.0,42.0,
432,10002,Sữa dê tươi,"Breast milk (Human milk, whole).",0.0,100g edible portion,87.2,69.0,288.0,3.5,4.1,4.5,0.0,0.7,4.45,147.0,2.67,,0.02,126.0,204.0,50.0,0.3,46.0,1.4,3.0,0.04,0.18,,,0.046,1.0,,,2.0,,,,20.0,0.0,0.0,0.0,2.0,
433,10003,Sữa mẹ (sữa người),Yogurt (whole milk),0.0,100g edible portion,88.3,61.0,255.0,1.5,3.0,7.0,0.0,0.2,6.89,34.0,2.01,,0.01,15.0,41.0,15.0,0.4,14.0,1.8,6.0,0.01,0.04,,,0.011,5.0,,,0.7,,,,1.0,0.0,3.0,1.0,14.0,
434,10004,Sữa chua,"Yogurt, chocolate, nonfat milk",0.0,100g edible portion,88.7,61.0,255.0,3.3,3.7,3.6,0.0,0.7,4.66,120.0,2.1,,0.0,95.0,155.0,46.0,0.59,9.0,2.2,1.0,0.04,0.2,,,0.032,7.0,,,25.0,,,,11.0,0.0,0.0,0.0,13.0,
435,10005,Sữa chua vớt béo,"Milk powder, whole",0.0,100g edible portion,71.6,103.0,432.0,3.5,0.0,22.3,1.2,1.4,14.97,143.0,0.0,,,109.0,339.0,135.0,1.13,209.0,7.0,1.0,0.04,0.2,,,0.047,12.0,,,4.0,,,,,0.0,0.0,0.0,1.0,
436,10006,Sữa bột toàn phần,Skimmed milk powder,0.0,100g edible portion,3.5,494.0,2067.0,27.0,26.0,38.0,0.0,5.5,38.42,939.0,16.74,,0.04,790.0,1330.0,371.0,3.34,80.0,16.3,10.0,0.24,1.31,,,0.302,37.0,,,10.0,,,,43.0,0.0,0.0,0.0,97.0,
437,10007,Sữa bột tách béo,"Milk condensed, sweetened",0.0,100g edible portion,4.0,357.0,1494.0,35.0,1.0,52.0,0.0,8.0,51.48,1400.0,0.5,,0.02,980.0,1794.0,535.0,4.08,41.0,27.3,6.0,0.42,0.6,,,0.361,50.0,,,16.0,,,,1.0,0.0,0.0,0.0,20.0,
438,10008,Sữa đặc có đường Việt Nam,Cheese (whole fat),0.0,100g edible portion,25.4,336.0,1404.0,8.1,8.8,56.0,0.0,1.7,,307.0,0.6,,,219.0,,,,,,0.0,0.06,0.3,,,,,,,58.0,,,,50.0,0.0,0.0,0.0,,
439,10009,Phó mát,NHểM 11 – ĐỒ HỘP,0.0,100g edible portion,38.9,380.0,1590.0,25.5,30.9,0.0,0.0,4.7,0.52,760.0,21.09,,0.01,424.0,98.0,621.0,3.11,31.0,13.9,1.0,0.1,0.51,,,0.074,18.0,,,1.7,,,,118.0,0.0,0.0,0.0,105.0,
440,11001,Chuối nước đường,Cucumber (canned),0.0,100g edible portion,83.9,58.0,241.0,0.5,0.0,13.9,1.3,0.4,,12.0,0.6,,,160.0,,,,,,9.0,,,,,,,,,,,,,,0.0,0.0,0.0,0.0,
441,11002,Dưa chuột hộp,"Pineapple, canned, sweetened",0.0,100g edible portion,94.1,8.0,33.0,0.3,0.2,1.2,3.1,1.1,1.06,12.0,0.05,,0.01,16.0,23.0,1208.0,0.02,85.0,0.0,2.0,0.02,0.03,,,0.009,1.0,,,13.0,,,,55.0,14.0,0.0,29.0,0.0,
442,11003,Dứa hộp,"Peanut, oil fried",0.0,100g edible portion,85.7,53.0,223.0,0.4,0.1,12.7,0.8,0.3,12.65,20.0,0.01,,1.1,12.0,105.0,1.0,0.12,103.0,0.4,14.0,0.06,0.01,,,0.074,5.0,,,0.3,,,,23.0,0.0,0.0,0.0,0.0,
443,11004,Lạc chao dầu,,0.0,100g edible portion,1.8,680.0,2843.0,25.7,59.5,10.3,,2.7,,,,,,,,,,,,,,,,,,,,,,,,,0.0,0.0,0.0,0.0,0.0,
444,11005,Mắc coọc nước đường,"Plum, canned, sweetened",0.0,100g edible portion,85.1,56.0,233.0,0.2,0.0,13.7,0.7,0.3,,20.0,0.4,,,16.0,,,,,,14.0,,,,,,,,,,,,,0.0,0.0,0.0,0.0,0.0,
445,11006,Mận nước đường,,10.0,100g edible portion,83.0,64.0,268.0,0.4,0.1,15.4,0.9,0.2,15.35,16.0,0.01,,0.03,15.0,93.0,20.0,0.08,38.0,0.0,0.0,0.02,0.04,,,0.027,3.0,,,4.3,,,,127.0,0.0,0.0,49.0,0.0,
446,11007,Mứt bí ngô,,0.0,100g edible portion,49.4,198.0,830.0,0.5,0.0,49.1,0.7,0.3,,32.0,,,,92.0,,,,,,,,,,,,,,,,,,,0.0,0.0,0.0,0.0,0.0,
447,11008,Mứt cam có vỏ,Banana jam,0.0,100g edible portion,42.8,218.0,914.0,0.4,0.0,54.2,2.2,0.4,,28.0,0.26,,,22.0,,,,,,0.0,0.03,0.01,,,,,,,,,,,50.0,,,,0.0,
448,11009,Mứt chuối,Pineapple jam,0.0,100g edible portion,43.8,218.0,914.0,0.7,0.0,53.9,1.3,0.3,,28.0,0.3,,,28.0,,,,,,,,,,,,,,,,,,,0.0,0.0,0.0,0.0,0.0,
449,11010,Mứt dứa,,0.0,100g edible portion,47.2,208.0,870.0,0.5,0.0,51.5,0.4,0.4,,20.0,0.3,,,16.0,,,,,,13.0,0.09,0.05,,,,,,,,,,,20.0,,,,0.0,
450,11011,Mứt đu đủ,,0.0,100g edible portion,53.2,178.0,745.0,0.4,0.0,44.1,2.0,0.3,,24.0,,,,30.0,,,,,,,,,,,,,,,,,,,,,,,0.0,
451,11012,Nhãn nước đường,,0.0,100g edible portion,83.3,62.0,259.0,0.5,0.0,15.0,1.0,0.2,,12.0,0.3,,,230.0,,,,,,32.0,,0.04,,,,,,,,,,,0.0,0.0,0.0,0.0,0.0,
452,11013,Nước dứa hộp,"Litchi, canned, sweetened",0.0,100g edible portion,86.4,53.0,221.0,0.4,0.1,12.6,0.2,0.3,9.98,32.0,0.01,,0.5,12.0,130.0,2.0,0.11,69.0,0.1,41.0,0.04,0.01,,,0.1,18.0,,,0.3,,,,3.0,0.0,0.0,0.0,0.0,
453,11014,Vải nước đường,"Mackerel, canned",0.0,100g edible portion,83.6,60.0,253.0,0.4,0.0,14.7,1.1,0.2,,8.0,0.6,,,160.0,,,,,,10.0,,0.04,,,,,,,,,,,0.0,0.0,0.0,0.0,0.0,
454,11015,Cá thu hộp,"Herring, canned",0.0,100g edible portion,57.5,207.0,867.0,24.8,12.0,0.0,,5.7,0.0,50.0,1.6,,,260.0,,,,,,6.5,0.02,0.1,,,,,,,7.0,,,,0.0,0.0,0.0,0.0,,
455,11016,Cá trích hộp,"Beef, canned",0.0,100g edible portion,56.7,233.0,974.0,22.3,14.4,3.5,,3.1,,86.0,2.3,,,437.0,,,,,,2.5,0.02,0.12,,,,,,,28.0,,,,0.0,0.0,0.0,0.0,,
456,11017,Thịt bò hộp,,0.0,100g edible portion,61.4,251.0,1050.0,16.4,20.6,0.0,,1.6,0.0,13.0,2.9,,,250.0,,,,,,2.5,,0.23,,,,,,,,,,,0.0,0.0,0.0,0.0,,
457,11018,Thịt gà hộp,"Pork, canned",0.0,100g edible portion,59.0,273.0,1143.0,17.0,22.8,0.0,,1.2,0.0,108.0,2.8,,,138.0,,,,,,2.4,0.09,0.37,,,,,,,520.0,,,,0.0,0.0,0.0,0.0,,
458,11019,Thịt lợn hộp,"Pork and beef, minced canned",0.0,100g edible portion,49.0,344.0,1438.0,17.3,29.3,2.7,,1.7,,9.0,1.2,,,200.0,,,,,,0.0,0.19,0.21,,,,,,,,,,,0.0,0.0,0.0,0.0,,
459,11020,"Thịt lợn, thịt bò xay hộp","Duck, stewed meat",0.0,100g edible portion,62.8,244.0,1021.0,16.0,20.0,0.0,,1.2,0.0,8.0,2.1,,,120.0,,,,,,1.0,0.26,0.19,,,,,,,8.0,,,,0.0,0.0,0.0,0.0,,
460,11021,Thịt vịt hầm,"NHểM 12 – ĐỒ NGỌT (ĐƯỜNG, BÁNH, MỨT, KẸO) GROUP 12 - SUGAR, CONFECTIONERY",0.0,100g edible portion,59.9,224.0,938.0,19.6,16.2,0.0,,4.3,0.0,,,,,,,,,,,0.0,,,,,,,,,,,,,0.0,0.0,0.0,0.0,,
461,12001,Bánh bích cốt,Biscuits,0.0,100g edible portion,12.0,346.0,1448.0,12.3,1.3,71.3,0.8,2.3,,39.0,2.7,,,231.0,,,,,,0.0,0.36,0.18,,,,,,,86.0,,,,13.0,0.0,0.0,0.0,0.0,
462,12002,Bánh bích quy,Sweet meat pie in lumps,0.0,100g edible portion,10.4,376.0,1574.0,8.8,4.5,75.1,0.5,0.7,,75.0,3.6,,,79.0,,,,,,0.0,0.4,0.26,,,,,,,19.0,,,,75.0,0.0,0.0,0.0,0.0,
463,12003,Bánh chả,,0.0,100g edible portion,8.0,395.0,1653.0,3.4,6.6,80.5,1.0,0.5,,42.0,1.9,,,29.0,,,,,,0.0,0.04,0.07,,,,,,,,,,,5.0,0.0,0.0,0.0,0.0,
464,12004,Bánh con cá,Mungbean cake,0.0,100g edible portion,10.0,368.0,1541.0,7.5,2.2,79.6,0.2,0.5,,54.0,2.9,,,99.0,,,,,,0.0,0.13,0.13,,,,,,,,,,,5.0,0.0,0.0,0.0,0.0,
465,12005,Bánh đậu xanh,Wafers filled,0.0,100g edible portion,6.8,416.0,1738.0,15.6,11.5,62.4,1.1,2.6,,111.0,3.4,,,273.0,,,,,,0.0,0.2,0.15,,,,,,,,,,,105.0,0.0,0.0,0.0,0.0,
466,12006,Bánh kem xốp,"Rice cake, plain",0.0,100g edible portion,1.9,492.0,2059.0,8.3,24.0,60.7,3.5,1.6,,86.0,0.8,,,125.0,,,,,,0.0,0.12,0.31,,,,,,,84.0,,,,0.0,0.0,0.0,0.0,0.0,
467,12007,Bánh khảo chay,Cinnamon waffle (roll),0.0,100g edible portion,5.8,376.0,1574.0,3.2,0.3,90.2,0.2,0.3,,2.0,0.1,,,1.0,,,,,,0.0,0.04,,,,,,,,,,,,0.0,0.0,0.0,0.0,0.0,
468,12008,Bánh quế,"Chocolate, filled",0.0,100g edible portion,3.6,435.0,1820.0,8.3,10.7,76.4,0.3,0.7,,33.0,2.0,,,115.0,,,,,,0.0,0.04,1.9,,,,,,,12.0,,,,75.0,0.0,0.0,0.0,0.0,
469,12009,Bánh sô cô la,"Chocolate, sweet",0.0,100g edible portion,8.5,449.0,1879.0,3.9,17.6,68.8,0.0,1.2,,58.0,3.7,,,142.0,,,,,,0.0,0.04,0.17,,,,,,,13.0,,,,10.0,0.0,0.0,0.0,0.0,
470,12010,Bánh thỏi sô cô la,Small biscuit,0.0,100g edible portion,0.8,543.0,2273.0,4.9,30.4,62.5,,1.4,,280.0,1.5,,,280.0,,,,,,0.0,0.03,0.01,,,,,,,3.0,,,,2.0,0.0,0.0,0.0,0.0,
471,12011,Bánh trứng nhện,,0.0,100g edible portion,11.6,369.0,1542.0,9.6,3.7,74.2,0.2,0.7,,76.0,3.9,,,140.0,,,,,,0.0,0.15,0.36,,,,,,,17.0,,,,105.0,0.0,0.0,0.0,0.0,
472,12012,Bét ca cao,Cocoa powder,0.0,100g edible portion,3.0,414.0,1731.0,19.6,13.7,53.0,4.6,6.1,1.75,128.0,8.07,,3.84,734.0,1524.0,21.0,6.81,3788.0,14.3,0.0,0.08,0.24,,,0.118,32.0,,,0.0,,,,0.0,0.0,0.0,38.0,0.0,
473,12013,Đường cát,,0.0,100g edible portion,1.7,390.0,1630.0,0.0,0.0,97.4,0.0,0.9,96.21,178.0,0.0,,0.32,72.0,346.0,39.0,0.18,298.0,1.2,0.0,0.05,0.1,,,0.026,1.0,,,0.0,,,,0.0,0.0,0.0,0.0,0.0,0.0
474,12014,Đường kính,"Toffee, sweets",0.0,100g edible portion,0.5,397.0,1662.0,0.0,0.0,99.3,0.0,0.2,,0.0,0.06,,,0.0,2.0,,,,,0.0,0.0,0.03,,,,,,,,,,,0.0,0.0,0.0,0.0,0.0,
475,12015,Kẹo bơ cứng,,0.0,100g edible portion,8.8,448.0,1873.0,2.1,17.2,71.1,0.0,0.8,,64.0,0.76,,,64.0,,,,,,0.0,,,,,,,,,,,,,0.0,0.0,0.0,0.0,0.0,
476,12016,Kẹo cà phê,"Sweets, caramel with citron, orange aroma",0.0,100g edible portion,6.6,378.0,1580.0,0.0,1.3,91.5,0.0,0.6,,,,,,,,,,,,0.0,,,,,,,,,,,,,0.0,0.0,0.0,0.0,0.0,
477,12017,Kẹo cam chanh,Sweets with coconut aroma,0.0,100g edible portion,5.4,377.0,1577.0,0.0,0.5,93.1,0.3,0.7,,23.0,1.4,,,12.0,,,,,,0.0,,,,,,,,,,,,,0.0,0.0,0.0,0.0,0.0,
478,12018,Kẹo dừa mềm,,0.0,100g edible portion,8.5,415.0,1735.0,0.6,12.2,75.6,2.5,0.6,,16.0,0.4,,,7.0,,,,,,0.0,,,,,,,,,,,,,0.0,0.0,0.0,0.0,0.0,
479,12019,Kẹo dứa mềm,Peanut candy,0.0,100g edible portion,8.5,415.0,1735.0,0.6,12.2,75.6,2.5,0.6,,16.0,0.4,,,7.0,,,,,,0.0,,,,,,,,,,,,,0.0,0.0,0.0,0.0,0.0,
480,12020,Kẹo lạc,,0.0,100g edible portion,5.0,449.0,1878.0,10.3,16.5,64.8,2.2,1.2,,,,,,,,,,,,0.0,,,,,,,,,,,,,0.0,0.0,0.0,0.0,0.0,
481,12021,Kẹo Pastille (kẹo ngậm bạc hà),Sweets with chocolate,0.0,100g edible portion,10.2,356.0,1490.0,5.2,0.0,83.8,,0.8,,96.0,1.6,,,18.0,,,,,,0.0,,,,,,,,,,,,,0.0,0.0,0.0,0.0,0.0,
482,12022,Kẹo sô cô la,Sweets with milk,0.0,100g edible portion,6.8,388.0,1624.0,1.6,4.6,85.1,1.2,0.7,,,,,,,,,,,,0.0,,,,,,,,,,,,,0.0,0.0,0.0,0.0,0.0,
483,12023,Kẹo sữa,Sesame candy,0.0,100g edible portion,8.4,390.0,1633.0,2.9,5.2,83.0,,0.5,,,,,,,,,,,,0.0,,,,,,,,,,,,,0.0,0.0,0.0,0.0,0.0,
484,12024,Kẹo vừng viên,Mạch nha Malt,0.0,100g edible portion,1.7,417.0,1744.0,2.8,6.9,85.9,1.7,1.0,,,,,,,,,,,,0.0,0.05,0.02,,,,,,,,,,,0.0,0.0,0.0,0.0,0.0,
485,12025,Mạch nha,Honey,0.0,100g edible portion,15.0,331.0,1384.0,0.2,0.0,82.5,0.0,2.3,,,,,,,,,,,,0.0,,0.1,,,,,,,,,,,0.0,0.0,0.0,0.0,0.0,
486,12026,Mật ong,Peanut sugar (Jam),0.0,100g edible portion,18.0,327.0,1367.0,0.4,0.0,81.3,0.0,0.3,81.02,5.0,0.0,,0.08,16.0,52.0,4.0,0.22,36.0,0.8,4.0,0.0,0.04,,,0.024,2.0,,,0.0,,,,0.0,0.0,0.0,0.0,0.0,0.0
487,12027,Mứt lạc,"NHểM 13 – GIA VỊ, NƯỚC CHẤM",0.0,100g edible portion,1.8,431.0,1802.0,5.4,8.6,82.9,0.7,0.6,,,,,,,,,,,,0.0,0.16,0.03,,,,,,,,,,,0.0,0.0,0.0,0.0,0.0,
488,13001,Cary bét,"Ginger root, dried powder",0.0,100g edible portion,10.0,283.0,1182.0,8.2,7.3,46.0,8.9,19.6,,906.0,,,,421.0,,,,,,2.3,0.03,0.4,,,,,,,,,,,380.0,,,,0.0,
489,13002,Gừng khô (bột),"Ginger root, fresh",0.0,100g edible portion,9.4,323.0,1350.0,9.1,5.9,58.3,12.5,4.8,3.4,180.0,1.94,,26.5,148.0,1343.0,32.0,4.72,480.0,38.5,7.0,0.16,0.27,,,0.84,39.0,,,0.8,,,,88.0,0.0,0.0,0.0,0.0,
490,13003,Gừng tươi,"Peppercorn, seeds",10.0,100g edible portion,90.0,29.0,119.0,0.4,0.8,5.1,3.3,0.5,1.7,60.0,0.2,,0.23,8.0,316.0,7.0,0.34,226.0,0.7,5.0,0.04,0.04,,,0.16,11.0,,,0.1,,,,0.0,0.0,0.0,0.0,0.0,
491,13004,Hạt tiêu,,0.0,100g edible portion,13.5,231.0,967.0,7.0,7.4,34.1,33.5,4.5,0.64,732.0,0.98,,0.1,44.0,1259.0,44.0,0.3,100.0,0.7,0.0,0.05,0.06,,,0.34,10.0,,,163.7,,,,156.0,0.0,6.0,205.0,0.0,0.0
492,13005,Muèi,Table salt,0.0,100g edible portion,1.0,0.0,0.0,0.0,0.0,0.0,0.0,99.0,0.0,150.0,0.0,,0.0,70.0,4.0,38758.0,0.0,0.0,0.0,0.0,0.0,0.0,,,0.0,0.0,,,0.0,,,,0.0,0.0,0.0,0.0,0.0,0.0
493,13006,"Nghệ khô, bột","Turmeric, rhizome, fresh",0.0,100g edible portion,11.4,295.0,1236.0,7.8,9.9,43.8,21.1,6.0,3.21,146.0,3.12,,7.83,284.0,2525.0,38.0,4.35,603.0,4.5,26.0,0.03,0.12,,,1.8,39.0,,,13.4,,,,0.0,0.0,0.0,0.0,0.0,
494,13007,Nghệ tươi,,10.0,100g edible portion,86.7,25.0,103.0,1.1,0.3,4.4,6.5,1.0,,12.0,,,,22.0,587.0,52.0,,,,4.0,0.03,0.03,,,,,,,,,,,,,,,0.0,
495,13008,Ớt khô bột,,0.0,100g edible portion,12.0,227.0,951.0,15.6,4.2,31.8,23.6,12.8,,85.0,17.0,,,380.0,,,,,,0.0,0.61,0.9,,,,,,,,,,,8442.0,,,,0.0,
496,13009,Riềng,Soybean sauce,10.0,100g edible portion,91.7,26.0,109.0,0.3,,2.5,3.7,1.8,,24.0,,,,28.0,,,,,,0.0,,,,,,,,,,,,,0.0,0.0,0.0,0.0,0.0,
497,13010,Magi,,0.0,100g edible portion,66.0,65.0,273.0,10.5,0.1,5.6,0.0,17.8,1.7,20.0,0.01,,0.5,130.0,212.0,5586.0,0.43,135.0,0.8,0.0,0.06,0.15,,,0.2,18.0,,,0.0,,,,0.0,0.0,0.0,0.0,0.0,
498,13011,Mắm tôm đặc,"Shrimp sauce, diluted",0.0,100g edible portion,48.0,73.0,304.0,14.8,1.5,0.0,0.0,35.7,0.0,,,,,,,,,,,0.0,,,,,,,,,,,,,0.0,0.0,0.0,0.0,,
499,13012,Mắm tôm loãng,,0.0,100g edible portion,68.6,44.0,182.0,7.0,0.8,2.1,0.0,21.5,0.0,645.0,,,,226.0,,,,,,0.0,,,,,,,,,,,,,0.0,0.0,0.0,0.0,,
500,13013,Mắm tép chua,Fish - sauce (super quality).,0.0,100g edible portion,55.5,68.0,283.0,8.7,1.2,5.5,0.0,29.1,0.0,,,,,,,,,,,0.0,,,,,,,,,,,,,0.0,0.0,0.0,0.0,,
501,13014,Nước mắm cá (loại đặc biệt),,0.0,100g edible portion,60.0,60.0,251.0,15.0,0.0,0.0,0.0,25.0,0.0,387.0,2.7,,,247.0,,,,,,0.0,0.09,0.86,,,,,,,,,,,0.0,0.0,0.0,0.0,,
502,13015,Nước mắm loại I,,0.0,100g edible portion,67.9,28.0,119.0,7.1,0.0,0.0,0.0,25.0,,387.0,2.7,,,247.0,,,,,,0.0,0.03,0.27,,,,,,,,,,,0.0,0.0,0.0,0.0,0.0,
503,13016,Nước mắm loại II,"Fish sauce, ready-to-serve",0.0,100g edible portion,66.8,21.0,87.0,5.2,0.0,0.0,0.0,28.0,0.0,314.0,1.9,,,116.0,,,,,,0.0,,,,,,,,,,,,,0.0,0.0,0.0,0.0,0.0,
504,13017,Nước mắm cá,"Fish sauce, concentrated",0.0,100g edible portion,71.1,35.0,146.0,5.1,0.01,3.6,0.0,20.2,0.0,43.0,0.003,,0.23,7.0,288.0,7720.0,0.2,50.0,9.1,1.0,0.01,0.06,,,0.396,51.0,,,4.0,,,,0.0,0.0,0.0,0.0,0.0,
505,13018,Nước mắm cô,Soybean sauce with rice and maize,0.0,100g edible portion,20.2,131.0,549.0,32.8,0.0,0.0,0.0,47.0,0.0,,,,,,,,,,,0.0,,,,,,,,,,,,,0.0,0.0,0.0,0.0,0.0,
506,13019,Tương ngô,Soybean sauce with glutinous rice,0.0,100g edible portion,70.3,75.0,312.0,3.9,0.1,14.5,0.0,11.2,0.0,,,,,,,,,,,0.0,,,,,,,,,,,,,,,,,0.0,
507,13020,Tương nếp,Red pepper sauce concentrate,0.0,100g edible portion,68.3,86.0,361.0,4.3,0.7,15.7,0.0,11.0,0.0,,,,,,,,,,,0.0,,,,,,,,,,,,,0.0,0.0,0.0,0.0,0.0,
508,13021,Tương ớt,Soybean sauce,0.0,100g edible portion,84.0,37.0,154.0,0.5,0.5,7.6,0.9,6.5,2.55,9.0,0.08,,,16.0,564.0,25.0,0.15,87.0,0.2,30.0,0.01,0.09,,,0.14,11.0,,,0.0,,,,257.0,17.0,0.0,341.0,0.0,
509,13022,Xì dầu,Mayonnaise,0.0,100g edible portion,70.8,53.0,220.0,6.3,0.04,6.8,0.8,15.3,1.7,19.0,0.005,,0.42,125.0,217.0,5637.0,0.52,104.0,0.5,0.0,0.03,0.17,,,0.148,14.0,,,0.0,,,,0.0,0.0,0.0,0.0,0.0,
510,13023,Sèt mayonnaise,"NHểM 14 – NƯỚC GIẢI KHÁT, BIA, RƯỢU GROUP 14 - BEVERAGE AND LIQUOR",0.0,100g edible portion,21.7,701.0,2931.0,0.0,77.8,0.1,0.0,0.4,0.1,7.0,10.78,,,25.0,14.0,486.0,0.13,0.0,1.6,0.0,0.01,0.06,,,0.01,0.0,,,24.7,,,,0.0,0.0,0.0,0.0,0.0,
511,14001,"Bia (cồn: 4,5 g)",Cognac,0.0,100g edible portion,92.5,11.0,47.0,0.5,0.0,2.3,0.0,0.2,,6.0,0.0,,0.01,26.0,27.0,4.0,0.01,5.0,0.6,0.0,0.01,0.03,,,0.046,6.0,,,3.0,,,,0.0,0.0,0.0,0.0,0.0,
512,14002,Cô nhắc (cồn 32 g),"Cocktail, vermouth sweet",0.0,100g edible portion,67.8,0.0,0.0,0.0,0.0,0.0,0.0,0.2,,,0.0,,,,,,,,,0.0,,,,,,,,,,,,,0.0,0.0,0.0,0.0,0.0,
513,14003,Cốc tain (cồn 13 g),Coca Cola,0.0,100g edible portion,71.0,63.0,263.0,0.0,0.0,15.7,0.0,0.3,,6.0,0.0,,,6.0,,,,,,0.0,,,,,,,,,,,,,0.0,0.0,0.0,0.0,0.0,
514,14004,Coca cola,"Orange juice, fresh",0.0,100g edible portion,89.4,42.0,174.0,0.0,0.0,10.4,0.0,0.2,,8.0,0.0,,,15.0,,,,,,0.0,,,,,,,,,,,,,0.0,0.0,0.0,0.0,0.0,
515,14005,Nước cam tươi,"Coconut milk, immature",0.0,100g edible portion,94.1,23.0,95.0,0.7,0.2,4.5,0.2,0.3,3.96,26.0,0.3,,0.01,16.0,200.0,1.0,0.05,44.0,0.1,54.0,0.09,0.03,,,0.04,30.0,,,0.1,,,,33.0,6.0,0.0,115.0,0.0,
516,14006,Nước dừa non tươi,Tomato juice,0.0,100g edible portion,94.4,21.0,87.0,0.4,0.0,4.8,0.0,0.4,,60.0,0.02,,,29.0,,,,,,1.0,,,,,,,,,,,,,0.0,0.0,0.0,0.0,0.0,
517,14007,Nước ép cà chua,Mineral water,0.0,100g edible portion,94.6,19.0,79.0,0.8,0.6,2.6,0.4,1.0,,8.0,0.3,,0.07,13.0,229.0,269.0,0.15,61.0,0.3,7.0,0.03,0.03,,,0.111,20.0,,,2.3,,,,270.0,0.0,9037.0,60.0,0.0,
518,14008,Nước khoáng,Mandarins juice (fresh),0.0,100g edible portion,99.7,0.0,0.0,0.0,0.0,0.0,0.0,0.3,0.0,5.0,0.01,,,0.0,,,,,,0.0,,,,,,,,,,,,,0.0,0.0,0.0,0.0,0.0,
519,14009,Nước quít tươi,,0.0,100g edible portion,93.8,24.0,100.0,0.4,0.2,5.1,0.2,0.3,5.39,20.0,0.2,,0.04,24.0,178.0,1.0,0.03,25.0,0.1,47.0,0.06,0.02,,,0.042,5.0,,,0.0,,,,38.0,14.0,0.0,166.0,0.0,
520,14010,"Rượu cam, chanh (cồn 24,2 g)",Rice glutinous (Alcohol fermentation rice 80 g water 24 ml),0.0,100g edible portion,75.8,0.0,0.0,0.0,0.0,0.0,0.0,,,,0.02,,,,,,,,,0.0,,,,,,,,,,,,,0.0,0.0,0.0,0.0,0.0,
521,14011,Rượu nếp (80g/ 24 ml) (cồn 5 g),Vodka,0.0,100g edible portion,52.4,167.0,698.0,4.0,0.0,37.7,0.2,0.7,,,0.0,,,,,,,,,0.0,,,,,,,,,,,,,0.0,0.0,0.0,0.0,0.0,
522,14012,Rượu trắng (cồn 39 g),Red wine,0.0,100g edible portion,61.0,273.0,1142.0,,0.0,0.0,0.0,,,,0.0,,,,,,,,,0.0,,,,,,,,,,,,,0.0,0.0,0.0,0.0,0.0,
523,14013,"Rượu vang đỏ (cồn 9,5 g)",White wine,0.0,100g edible portion,88.0,9.0,37.0,0.2,0.0,2.0,0.0,0.3,,8.0,0.0,,,10.0,,,,,,0.0,,0.02,,,,,,,,,,,0.0,0.0,0.0,0.0,0.0,
524,14014,"Rượu vang trắng (cồn 9,5 g)","White wine, sweet",0.0,100g edible portion,89.9,1.0,5.0,0.1,0.0,0.2,0.0,0.3,0.2,9.0,0.0,,0.02,6.0,61.0,4.0,0.06,40.0,0.0,0.0,,0.01,,,0.02,0.0,,,0.0,,,,0.0,0.0,0.0,0.0,0.0,
525,14015,Rượu vang trắng ngọt (cồn 10.2 g),Whisky liqueur,0.0,100g edible portion,83.4,24.0,102.0,0.2,0.0,5.9,0.0,0.3,5.9,14.0,0.0,,0.02,13.0,110.0,13.0,0.06,40.0,0.0,0.0,0.0,0.01,,,0.012,0.0,,,0.0,,,,0.0,0.0,0.0,0.0,0.0,
526,14016,"Rượu Whisky (cồn 35,2 g)",1. Bảng thành phần dinh dưỡng thực phẩm Việt Nam năm 2000 . Nhà xuất bản Y học.,0.0,100g edible portion,64.7,0.0,0.0,0.0,0.0,0.0,0.0,0.1,0.0,2.0,0.0,,,,,,,,,0.0,,,,,,,,,,,,,0.0,0.0,0.0,0.0,0.0,
